carrier,date, premium 
HARTFORD,12/1/2014,755
HARTFORD,12/1/2014,1067
HARTFORD,12/1/2014,621
HARTFORD,12/1/2014,312
HARTFORD,12/1/2014,854
HARTFORD,12/1/2014,1006
HARTFORD,12/1/2014,930
HARTFORD,12/1/2014,523
HARTFORD,12/1/2014,347.04
HARTFORD,12/1/2014,1031
HARTFORD,12/1/2014,459
HARTFORD,12/1/2014,405
HARTFORD,12/1/2014,458
HARTFORD,12/1/2014,994
HARTFORD,12/1/2014,681
HARTFORD,12/1/2014,3717
HARTFORD,12/1/2014,143.2
HARTFORD,12/1/2014,139
HARTFORD,12/1/2014,493
HARTFORD,12/1/2014,389
HARTFORD,12/1/2014,963.5
HARTFORD,12/1/2014,795
HARTFORD,12/1/2014,692
HARTFORD,12/1/2014,848
HARTFORD,12/1/2014,132
MERCURY,12/1/2014,563
MERCURY,12/1/2014,169.76
MERCURY,12/1/2014,1096
MERCURY,12/1/2014,980
21ST,12/1/2014,513
21ST,12/1/2014,760.94
21ST,12/1/2014,372.18
21ST,12/1/2014,436.38
21ST,12/1/2014,315.09
21ST,12/1/2014,899.53
21ST,12/1/2014,629.23
21ST,12/1/2014,423.75
21ST,12/1/2014,955.45
21ST,12/1/2014,408
21ST,12/1/2014,1414.02
21ST,12/1/2014,631.82
21ST,12/1/2014,1055.45
21ST,12/1/2014,771.85
21ST,12/1/2014,592
21ST,12/1/2014,350
21ST,12/1/2014,1745
21ST,12/1/2014,440.52
21ST,12/1/2014,630.64
21ST,12/1/2014,841.37
21ST,12/1/2014,275.21
21ST,12/1/2014,481
21ST,12/1/2014,298.6
21ST,12/1/2014,365.54
21ST,12/1/2014,197.59
21ST,12/1/2014,213
21ST,12/1/2014,205.35
21ST,12/1/2014,1255
21ST,12/1/2014,685
21ST,12/1/2014,678.87
21ST,12/1/2014,1165
21ST,12/1/2014,828.76
21ST,12/1/2014,849.65
21ST,12/1/2014,849
21ST,12/1/2014,880
21ST,12/1/2014,674.1
21ST,12/1/2014,346.11
21ST,12/1/2014,421.65
21ST,12/1/2014,277
21ST,12/1/2014,706.98
21ST,12/1/2014,929
21ST,12/1/2014,449
21ST,12/1/2014,300.29
21ST,12/1/2014,702
21ST,12/1/2014,742.87
21ST,12/1/2014,699.5
21ST,12/1/2014,385
21ST,12/1/2014,418
21ST,12/1/2014,468.21
21ST,12/1/2014,1060.87
METLIFE,12/1/2014,883
MERCURY,12/1/2014,1144
MERCURY,12/1/2014,1018
MERCURY,12/1/2014,504
MERCURY,12/1/2014,339
MERCURY,12/1/2014,551
MERCURY,12/1/2014,1489
MERCURY,12/1/2014,528
MERCURY,12/1/2014,2352
MERCURY,12/1/2014,2596
MERCURY,12/1/2014,435
MERCURY,12/1/2014,977
MERCURY,12/1/2014,659
MERCURY,12/1/2014,2900
MERCURY,12/1/2014,1992
MERCURY,12/1/2014,1806
MERCURY,12/1/2014,1559
MERCURY,12/1/2014,1327
DAIRYLAND,12/1/2014,936
PROGRESSIVE,12/1/2014,132
PROGRESSIVE,12/1/2014,483
ESURANCE,12/1/2014,777
ESURANCE,12/1/2014,1440
PROGRESSIVE,12/1/2014,429.13
PROGRESSIVE,12/1/2014,370
PROGRESSIVE,12/1/2014,419
SAFECO,12/1/2014,302
PROGRESSIVE,12/1/2014,402
PROGRESSIVE,12/1/2014,1750
PROGRESSIVE,12/1/2014,236
PROGRESSIVE,12/1/2014,550
PROGRESSIVE,12/1/2014,294
PROGRESSIVE,12/1/2014,1168
PROGRESSIVE,12/1/2014,961.2
PROGRESSIVE,12/1/2014,1011
PROGRESSIVE,12/1/2014,191
PROGRESSIVE,12/1/2014,570
PROGRESSIVE,12/1/2014,531
PROGRESSIVE,12/1/2014,278
PROGRESSIVE,12/1/2014,547
PROGRESSIVE,12/1/2014,739
PROGRESSIVE,12/1/2014,1836
PROGRESSIVE,12/1/2014,448.5
PROGRESSIVE,12/1/2014,1494
PROGRESSIVE,12/1/2014,504
PROGRESSIVE,12/1/2014,819
PROGRESSIVE,12/1/2014,443
PROGRESSIVE,12/1/2014,720
PROGRESSIVE,12/1/2014,605
PROGRESSIVE,12/1/2014,540
PROGRESSIVE,12/1/2014,1000
PROGRESSIVE,12/1/2014,262
PROGRESSIVE,12/1/2014,867
PROGRESSIVE,12/1/2014,320
PROGRESSIVE,12/1/2014,587
PROGRESSIVE,12/1/2014,407
PROGRESSIVE,12/1/2014,904
PROGRESSIVE,12/1/2014,871
PROGRESSIVE,12/1/2014,519
PROGRESSIVE,12/1/2014,319
PROGRESSIVE,12/1/2014,97
PROGRESSIVE,12/1/2014,540
PROGRESSIVE,12/1/2014,531
PROGRESSIVE,12/1/2014,359
PROGRESSIVE,12/1/2014,687
PROGRESSIVE,12/1/2014,594
PROGRESSIVE,12/1/2014,449
PROGRESSIVE,12/1/2014,483
PROGRESSIVE,12/1/2014,703
PROGRESSIVE,12/1/2014,342
PROGRESSIVE,12/1/2014,311
PROGRESSIVE,12/1/2014,1652
PROGRESSIVE,12/1/2014,341
PROGRESSIVE,12/1/2014,274
PROGRESSIVE,12/1/2014,330
PROGRESSIVE,12/1/2014,1204
PROGRESSIVE,12/1/2014,1110
PROGRESSIVE,12/1/2014,3442.5
PROGRESSIVE,12/1/2014,285
PROGRESSIVE,12/1/2014,899
PROGRESSIVE,12/1/2014,175
TRAVELERS,12/1/2014,1630
TRAVELERS,12/1/2014,564
TRAVELERS,12/1/2014,1476
TRAVELERS,12/1/2014,1458
TRAVELERS,12/1/2014,892
TRAVELERS,12/1/2014,1023
TRAVELERS,12/1/2014,1488
TRAVELERS,12/1/2014,1456
TRAVELERS,12/1/2014,1399
TRAVELERS,12/1/2014,159
TRAVELERS,12/1/2014,2035
TRAVELERS,12/1/2014,1051.5
HARTFORD,12/1/2014,1227
TRAVELERS,12/1/2014,1714
TRAVELERS,12/1/2014,2022
TRAVELERS,12/1/2014,1855
TRAVELERS,12/1/2014,1413
TRAVELERS,12/1/2014,1475
TRAVELERS,12/1/2014,1713
TRAVELERS,12/1/2014,831
TRAVELERS,12/1/2014,1494
TRAVELERS,12/1/2014,1147
TRAVELERS,12/1/2014,1772
TRAVELERS,12/1/2014,1506
TRAVELERS,12/1/2014,256
TRAVELERS,12/1/2014,678
FOREMOST,12/1/2014,632
FOREMOST,12/1/2014,352
FOREMOST,12/1/2014,301
FOREMOST,12/1/2014,972
FOREMOST,12/1/2014,669
FOREMOST,12/1/2014,1265
FOREMOST,12/1/2014,731
FOREMOST,12/1/2014,952
FOREMOST,12/1/2014,2711
FOREMOST,12/1/2014,708
FOREMOST,12/1/2014,469
FOREMOST,12/1/2014,1755
FOREMOST,12/1/2014,840
PLYMOUTH ROCK,12/1/2014,829
PLYMOUTH ROCK,12/1/2014,1046
PLYMOUTH ROCK,12/1/2014,933
PLYMOUTH ROCK,12/1/2014,768
PLYMOUTH ROCK,12/1/2014,574
PLYMOUTH ROCK,12/1/2014,515
THE GENERAL,12/1/2014,257
THE GENERAL,12/1/2014,815
THE GENERAL,12/1/2014,2739
THE GENERAL,12/1/2014,472
THE GENERAL,12/1/2014,465
THE GENERAL,12/1/2014,875
SAFECO,12/1/2014,1155
SAFECO,12/1/2014,216
SAFECO,12/1/2014,727
SAFECO,12/1/2014,267
SAFECO,12/1/2014,122
SAFECO,12/1/2014,967
THE GENERAL,12/1/2014,1209
THE GENERAL,12/1/2014,1718
THE GENERAL,12/1/2014,1243
THE GENERAL,12/1/2014,1215
THE GENERAL,12/1/2014,1140
THE GENERAL,12/1/2014,942
THE GENERAL,12/1/2014,2136
THE GENERAL,12/1/2014,844
THE GENERAL,12/1/2014,281
THE GENERAL,12/1/2014,1187
MERCURY,12/1/2014,845
MERCURY,12/1/2014,488
MERCURY,12/1/2014,334
MERCURY,12/1/2014,821
MERCURY,12/1/2014,255
MERCURY,12/1/2014,291
MERCURY,12/1/2014,1281
MERCURY,12/1/2014,604
MERCURY,12/1/2014,1072
MERCURY,12/1/2014,916
MERCURY,12/1/2014,226
MERCURY,12/1/2014,384
MERCURY,12/1/2014,224
MERCURY,12/1/2014,618
MERCURY,12/1/2014,507
MERCURY,12/1/2014,819
MERCURY,12/1/2014,1326
MERCURY,12/1/2014,381
MERCURY,12/1/2014,1591
MERCURY,12/1/2014,787
MERCURY,12/1/2014,387
MERCURY,12/1/2014,389
MERCURY,12/1/2014,590
MERCURY,12/1/2014,764
MERCURY,12/1/2014,604
MERCURY,12/1/2014,553
MERCURY,12/1/2014,297
MERCURY,12/1/2014,794
MERCURY,12/1/2014,480
MERCURY,12/1/2014,1055
MERCURY,12/1/2014,684
MERCURY,12/1/2014,896
MERCURY,12/1/2014,369
SAFECO,12/1/2014,1379.97
SAFECO,12/1/2014,2720
SAFECO,12/1/2014,1660.7
SAFECO,12/1/2014,630
SAFECO,12/1/2014,622.5
SAFECO,12/1/2014,723
SAFECO,12/1/2014,577.8
SAFECO,12/1/2014,1726.5
SAFECO,12/1/2014,3302.86
SAFECO,12/1/2014,480
SAFECO,12/1/2014,866.3
SAFECO,12/1/2014,889.2
SAFECO,12/1/2014,1006.66
SAFECO,12/1/2014,1387
SAFECO,12/1/2014,621.4
SAFECO,12/1/2014,667.7
SAFECO,12/1/2014,980.6
SAFECO,12/1/2014,450
SAFECO,12/1/2014,782.6
SAFECO,12/1/2014,1849.8
SAFECO,12/1/2014,964
SAFECO,12/1/2014,780.2
SAFECO,12/1/2014,930
SAFECO,12/1/2014,755
SAFECO,12/1/2014,1256
SAFECO,12/1/2014,2100
SAFECO,12/1/2014,2487.8
SAFECO,12/1/2014,785.9
SAFECO,12/1/2014,1667.48
SAFECO,12/1/2014,929.5
SAFECO,12/1/2014,1081
SAFECO,12/1/2014,813.1
SAFECO,12/1/2014,385.6
SAFECO,12/1/2014,819
SAFECO,12/1/2014,1094.9
SAFECO,12/1/2014,527
SAFECO,12/1/2014,857
SAFECO,12/1/2014,997
SAFECO,12/1/2014,1107.8
SAFECO,12/1/2014,1081.9
SAFECO,12/1/2014,2898
SAFECO,12/1/2014,1111.9
SAFECO,12/1/2014,1182
SAFECO,12/1/2014,1000.9
SAFECO,12/1/2014,3124.8
SAFECO,12/1/2014,1301
SAFECO,12/1/2014,613.5
SAFECO,12/1/2014,512.5
SAFECO,12/1/2014,718.23
SAFECO,12/1/2014,986.7
SAFECO,12/1/2014,1455
SAFECO,12/1/2014,1457
SAFECO,12/1/2014,1068.2
SAFECO,12/1/2014,823
SAFECO,12/1/2014,1762
SAFECO,12/1/2014,1476.9
SAFECO,12/1/2014,511.6
SAFECO,12/1/2014,1931
HARTFORD,12/2/2014,1806
HARTFORD,12/2/2014,784
HARTFORD,12/2/2014,1088
HARTFORD,12/2/2014,640
HARTFORD,12/2/2014,1014
HARTFORD,12/2/2014,543
HARTFORD,12/2/2014,541
HARTFORD,12/2/2014,301
HARTFORD,12/2/2014,352
HARTFORD,12/2/2014,521
HARTFORD,12/2/2014,902
HARTFORD,12/2/2014,928.97
HARTFORD,12/2/2014,595
HARTFORD,12/2/2014,394
HARTFORD,12/2/2014,707
HARTFORD,12/2/2014,779
HARTFORD,12/2/2014,880
HARTFORD,12/2/2014,773
HARTFORD,12/2/2014,402
HARTFORD,12/2/2014,1514
MERCURY,12/2/2014,1988.52
21ST,12/2/2014,249.63
21ST,12/2/2014,294.58
21ST,12/2/2014,278
21ST,12/2/2014,332.55
21ST,12/2/2014,804.04
21ST,12/2/2014,626
21ST,12/2/2014,480
21ST,12/2/2014,806.85
21ST,12/2/2014,1502
21ST,12/2/2014,749.24
21ST,12/2/2014,705
21ST,12/2/2014,274.51
21ST,12/2/2014,325
21ST,12/2/2014,817
21ST,12/2/2014,747.49
21ST,12/2/2014,1019.12
21ST,12/2/2014,573
21ST,12/2/2014,633
21ST,12/2/2014,836
21ST,12/2/2014,147.58
21ST,12/2/2014,446.47
21ST,12/2/2014,399.83
21ST,12/2/2014,570.2
21ST,12/2/2014,876.16
21ST,12/2/2014,683.65
21ST,12/2/2014,951.87
21ST,12/2/2014,788.58
21ST,12/2/2014,551.75
21ST,12/2/2014,985
21ST,12/2/2014,375
21ST,12/2/2014,621.65
21ST,12/2/2014,690
21ST,12/2/2014,1149.37
MERCURY,12/2/2014,459
MERCURY,12/2/2014,1227
DAIRYLAND,12/2/2014,744
DAIRYLAND,12/2/2014,432
DAIRYLAND,12/2/2014,470
DAIRYLAND,12/2/2014,210.15
MERCURY,12/2/2014,902
MERCURY,12/2/2014,1780
MERCURY,12/2/2014,1395
MERCURY,12/2/2014,2491
MERCURY,12/2/2014,2160
MERCURY,12/2/2014,1760
MERCURY,12/2/2014,2358
MERCURY,12/2/2014,1464
MERCURY,12/2/2014,2554
MERCURY,12/2/2014,667
MERCURY,12/2/2014,2197
MERCURY,12/2/2014,790
MERCURY,12/2/2014,2547
MERCURY,12/2/2014,897
MERCURY,12/2/2014,1597
MERCURY,12/2/2014,1135
MERCURY,12/2/2014,3315
MERCURY,12/2/2014,4385
MERCURY,12/2/2014,2269
ESURANCE,12/2/2014,792
DAIRYLAND,12/2/2014,319.98
ESURANCE,12/2/2014,717
PROGRESSIVE,12/2/2014,406.69
PROGRESSIVE,12/2/2014,451.87
PROGRESSIVE,12/2/2014,1259
PROGRESSIVE,12/2/2014,342
PROGRESSIVE,12/2/2014,666
PROGRESSIVE,12/2/2014,822
PROGRESSIVE,12/2/2014,724
PROGRESSIVE,12/2/2014,195
PROGRESSIVE,12/2/2014,735
PROGRESSIVE,12/2/2014,796
PROGRESSIVE,12/2/2014,261
PROGRESSIVE,12/2/2014,180.5
PROGRESSIVE,12/2/2014,381
PROGRESSIVE,12/2/2014,1043
PROGRESSIVE,12/2/2014,474
PROGRESSIVE,12/2/2014,830
PROGRESSIVE,12/2/2014,578
PROGRESSIVE,12/2/2014,749
PROGRESSIVE,12/2/2014,1844
PROGRESSIVE,12/2/2014,109
PROGRESSIVE,12/2/2014,351
PROGRESSIVE,12/2/2014,628
PROGRESSIVE,12/2/2014,527
PROGRESSIVE,12/2/2014,680
PROGRESSIVE,12/2/2014,525
PROGRESSIVE,12/2/2014,396
PROGRESSIVE,12/2/2014,525
PROGRESSIVE,12/2/2014,448.5
PROGRESSIVE,12/2/2014,372
PROGRESSIVE,12/2/2014,512
PROGRESSIVE,12/2/2014,574
PROGRESSIVE,12/2/2014,585
PROGRESSIVE,12/2/2014,705
PROGRESSIVE,12/2/2014,939
PROGRESSIVE,12/2/2014,906
PROGRESSIVE,12/2/2014,689
PROGRESSIVE,12/2/2014,638
PROGRESSIVE,12/2/2014,976
PROGRESSIVE,12/2/2014,486
PROGRESSIVE,12/2/2014,408
PROGRESSIVE,12/2/2014,519
PROGRESSIVE,12/2/2014,602
PROGRESSIVE,12/2/2014,272
PROGRESSIVE,12/2/2014,1075.5
PROGRESSIVE,12/2/2014,819
PROGRESSIVE,12/2/2014,848
PROGRESSIVE,12/2/2014,2565
PROGRESSIVE,12/2/2014,480
TRAVELERS,12/2/2014,1555
TRAVELERS,12/2/2014,855
TRAVELERS,12/2/2014,718
TRAVELERS,12/2/2014,685
TRAVELERS,12/2/2014,1884
TRAVELERS,12/2/2014,1737
TRAVELERS,12/2/2014,926
TRAVELERS,12/2/2014,1265
TRAVELERS,12/2/2014,628
TRAVELERS,12/2/2014,734
TRAVELERS,12/2/2014,897
TRAVELERS,12/2/2014,1606
TRAVELERS,12/2/2014,762.33
TRAVELERS,12/2/2014,3227
TRAVELERS,12/2/2014,1395
TRAVELERS,12/2/2014,748
TRAVELERS,12/2/2014,1352
TRAVELERS,12/2/2014,751
TRAVELERS,12/2/2014,1326
TRAVELERS,12/2/2014,1292
TRAVELERS,12/2/2014,2808
TRAVELERS,12/2/2014,956
TRAVELERS,12/2/2014,596
TRAVELERS,12/2/2014,944
TRAVELERS,12/2/2014,854
TRAVELERS,12/2/2014,1567
TRAVELERS,12/2/2014,931
TRAVELERS,12/2/2014,847
TRAVELERS,12/2/2014,1065
TRAVELERS,12/2/2014,1572
TRAVELERS,12/2/2014,1620
TRAVELERS,12/2/2014,699
FOREMOST,12/2/2014,1513
FOREMOST,12/2/2014,1514
FOREMOST,12/2/2014,908
FOREMOST,12/2/2014,449
FOREMOST,12/2/2014,497
FOREMOST,12/2/2014,488
FOREMOST,12/2/2014,515
FOREMOST,12/2/2014,5766
FOREMOST,12/2/2014,726
FOREMOST,12/2/2014,745
FOREMOST,12/2/2014,778
FOREMOST,12/2/2014,446
FOREMOST,12/2/2014,1106
FOREMOST,12/2/2014,2158
FOREMOST,12/2/2014,709
FOREMOST,12/2/2014,1477
FOREMOST,12/2/2014,1706
FOREMOST,12/2/2014,864
PLYMOUTH ROCK,12/2/2014,568
PLYMOUTH ROCK,12/2/2014,779
PLYMOUTH ROCK,12/2/2014,179
PLYMOUTH ROCK,12/2/2014,477
PLYMOUTH ROCK,12/2/2014,521
PLYMOUTH ROCK,12/2/2014,803
PLYMOUTH ROCK,12/2/2014,1092
PLYMOUTH ROCK,12/2/2014,741
PLYMOUTH ROCK,12/2/2014,1042
PLYMOUTH ROCK,12/2/2014,719
PLYMOUTH ROCK,12/2/2014,577
PLYMOUTH ROCK,12/2/2014,1936
PLYMOUTH ROCK,12/2/2014,835
PLYMOUTH ROCK,12/2/2014,1242
ASI,12/2/2014,174
THE GENERAL,12/2/2014,2104
THE GENERAL,12/2/2014,827
THE GENERAL,12/2/2014,563
THE GENERAL,12/2/2014,2314
THE GENERAL,12/2/2014,1153
THE GENERAL,12/2/2014,1562
ASI,12/2/2014,535
THE GENERAL,12/2/2014,1092
THE GENERAL,12/2/2014,3193
THE GENERAL,12/2/2014,2714
THE GENERAL,12/2/2014,511
THE GENERAL,12/2/2014,1096
MERCURY,12/2/2014,1076
MERCURY,12/2/2014,298
MERCURY,12/2/2014,414
MERCURY,12/2/2014,411
MERCURY,12/2/2014,535
MERCURY,12/2/2014,329
MERCURY,12/2/2014,501
MERCURY,12/2/2014,629
MERCURY,12/2/2014,369
MERCURY,12/2/2014,586
MERCURY,12/2/2014,801
MERCURY,12/2/2014,237
MERCURY,12/2/2014,462
MERCURY,12/2/2014,958
MERCURY,12/2/2014,976
MERCURY,12/2/2014,391.01
MERCURY,12/2/2014,1180
MERCURY,12/2/2014,383
MERCURY,12/2/2014,1046
MERCURY,12/2/2014,710
MERCURY,12/2/2014,1102
MERCURY,12/2/2014,487
MERCURY,12/2/2014,324
MERCURY,12/2/2014,635
MERCURY,12/2/2014,1383
MERCURY,12/2/2014,948
MERCURY,12/2/2014,543
MERCURY,12/2/2014,477
MERCURY,12/2/2014,1936
MERCURY,12/2/2014,1201
THE GENERAL,12/2/2014,900
THE GENERAL,12/2/2014,838.83
ASI,12/2/2014,525
SAFECO,12/2/2014,2419.1
SAFECO,12/2/2014,655.86
SAFECO,12/2/2014,1213
SAFECO,12/2/2014,2169
SAFECO,12/2/2014,921
SAFECO,12/2/2014,963.3
SAFECO,12/2/2014,1691.1
SAFECO,12/2/2014,825
SAFECO,12/2/2014,877
SAFECO,12/2/2014,1886.72
SAFECO,12/2/2014,1436
SAFECO,12/2/2014,1247.3
SAFECO,12/2/2014,1083.1
SAFECO,12/2/2014,758
SAFECO,12/2/2014,1120.2
SAFECO,12/2/2014,1654.5
SAFECO,12/2/2014,993.1
SAFECO,12/2/2014,1905.5
SAFECO,12/2/2014,1156.7
SAFECO,12/2/2014,720.2
SAFECO,12/2/2014,1140
SAFECO,12/2/2014,2484.52
SAFECO,12/2/2014,1993.8
SAFECO,12/2/2014,1359.7
SAFECO,12/2/2014,2188.5
SAFECO,12/2/2014,707.32
SAFECO,12/2/2014,1159.6
SAFECO,12/2/2014,1161
SAFECO,12/2/2014,840.7
SAFECO,12/2/2014,1497.76
SAFECO,12/2/2014,1524
SAFECO,12/2/2014,2275.7
SAFECO,12/2/2014,595.86
SAFECO,12/2/2014,1307.1
SAFECO,12/2/2014,567
SAFECO,12/2/2014,733.8
SAFECO,12/2/2014,2078.68
SAFECO,12/2/2014,639
SAFECO,12/2/2014,2297.9
SAFECO,12/2/2014,384
SAFECO,12/2/2014,302.6
SAFECO,12/2/2014,507.5
SAFECO,12/2/2014,1155.7
SAFECO,12/2/2014,681.1
SAFECO,12/2/2014,469.5
SAFECO,12/2/2014,818
SAFECO,12/2/2014,1142.8
SAFECO,12/2/2014,1190.4
SAFECO,12/2/2014,1646.6
SAFECO,12/2/2014,980.6
SAFECO,12/2/2014,2483.4
SAFECO,12/2/2014,980
SAFECO,12/2/2014,1546
SAFECO,12/2/2014,1220.9
HARTFORD,12/3/2014,822
MERCURY,12/3/2014,298.87
DAIRYLAND,12/3/2014,540.02
HARTFORD,12/3/2014,861
HARTFORD,12/3/2014,700
HARTFORD,12/3/2014,681
HARTFORD,12/3/2014,547
HARTFORD,12/3/2014,554
HARTFORD,12/3/2014,1458
HARTFORD,12/3/2014,2397
HARTFORD,12/3/2014,1506
HARTFORD,12/3/2014,291
HARTFORD,12/3/2014,773
HARTFORD,12/3/2014,1241
HARTFORD,12/3/2014,1427
HARTFORD,12/3/2014,1135
HARTFORD,12/3/2014,293
HARTFORD,12/3/2014,853
HARTFORD,12/3/2014,444
HARTFORD,12/3/2014,687
HARTFORD,12/3/2014,823
HARTFORD,12/3/2014,428
HARTFORD,12/3/2014,722
MERCURY,12/3/2014,1288
21ST,12/3/2014,489.88
21ST,12/3/2014,234.41
21ST,12/3/2014,569
21ST,12/3/2014,612
21ST,12/3/2014,402.08
21ST,12/3/2014,474.73
21ST,12/3/2014,811
21ST,12/3/2014,582
21ST,12/3/2014,749.57
21ST,12/3/2014,600.99
21ST,12/3/2014,199.3
21ST,12/3/2014,626
21ST,12/3/2014,615.83
21ST,12/3/2014,849.33
21ST,12/3/2014,509.08
21ST,12/3/2014,329
21ST,12/3/2014,587.57
21ST,12/3/2014,586.74
21ST,12/3/2014,567.68
21ST,12/3/2014,597
21ST,12/3/2014,392.68
21ST,12/3/2014,1356.94
21ST,12/3/2014,845
21ST,12/3/2014,606
21ST,12/3/2014,569.46
21ST,12/3/2014,231
21ST,12/3/2014,233
21ST,12/3/2014,459
21ST,12/3/2014,444.28
21ST,12/3/2014,566
21ST,12/3/2014,246.2
21ST,12/3/2014,398
21ST,12/3/2014,611.25
21ST,12/3/2014,564
21ST,12/3/2014,1936.99
21ST,12/3/2014,1014.8
21ST,12/3/2014,450
21ST,12/3/2014,407.29
21ST,12/3/2014,750
21ST,12/3/2014,284
21ST,12/3/2014,220.41
21ST,12/3/2014,300.47
21ST,12/3/2014,311.27
21ST,12/3/2014,482.75
MERCURY,12/3/2014,769
MERCURY,12/3/2014,680
MERCURY,12/3/2014,620
MERCURY,12/3/2014,1108
MERCURY,12/3/2014,421
MERCURY,12/3/2014,1349
MERCURY,12/3/2014,883
DAIRYLAND,12/3/2014,390
DAIRYLAND,12/3/2014,1050.21
MERCURY,12/3/2014,941
MERCURY,12/3/2014,1621
MERCURY,12/3/2014,1848
MERCURY,12/3/2014,2103
MERCURY,12/3/2014,1124
MERCURY,12/3/2014,3328
MERCURY,12/3/2014,3604
MERCURY,12/3/2014,559
MERCURY,12/3/2014,1351
MERCURY,12/3/2014,1931
ESURANCE,12/3/2014,532
ESURANCE,12/3/2014,324
METLIFE,12/3/2014,572
PROGRESSIVE,12/3/2014,621
PROGRESSIVE,12/3/2014,638
PROGRESSIVE,12/3/2014,423
PROGRESSIVE,12/3/2014,558
PROGRESSIVE,12/3/2014,638
PROGRESSIVE,12/3/2014,623
PROGRESSIVE,12/3/2014,1154
PROGRESSIVE,12/3/2014,613
PROGRESSIVE,12/3/2014,2248
PROGRESSIVE,12/3/2014,288
PROGRESSIVE,12/3/2014,625
PROGRESSIVE,12/3/2014,1019
PROGRESSIVE,12/3/2014,1178
PROGRESSIVE,12/3/2014,571
PROGRESSIVE,12/3/2014,1518
PROGRESSIVE,12/3/2014,234
PROGRESSIVE,12/3/2014,369
PROGRESSIVE,12/3/2014,1065
PROGRESSIVE,12/3/2014,306
PROGRESSIVE,12/3/2014,381
PROGRESSIVE,12/3/2014,610
PROGRESSIVE,12/3/2014,849
PROGRESSIVE,12/3/2014,346
PROGRESSIVE,12/3/2014,503
PROGRESSIVE,12/3/2014,541
PROGRESSIVE,12/3/2014,367
PROGRESSIVE,12/3/2014,158
PROGRESSIVE,12/3/2014,267
PROGRESSIVE,12/3/2014,1215
PROGRESSIVE,12/3/2014,62
PROGRESSIVE,12/3/2014,736
PROGRESSIVE,12/3/2014,507
PROGRESSIVE,12/3/2014,387
PROGRESSIVE,12/3/2014,674
PROGRESSIVE,12/3/2014,344
PROGRESSIVE,12/3/2014,576
PROGRESSIVE,12/3/2014,711
PROGRESSIVE,12/3/2014,323
PROGRESSIVE,12/3/2014,1419
PROGRESSIVE,12/3/2014,3255
PROGRESSIVE,12/3/2014,158
PROGRESSIVE,12/3/2014,378
PROGRESSIVE,12/3/2014,950
PROGRESSIVE,12/3/2014,217
PROGRESSIVE,12/3/2014,1277.99
PROGRESSIVE,12/3/2014,1532
PROGRESSIVE,12/3/2014,735
PROGRESSIVE,12/3/2014,876
PROGRESSIVE,12/3/2014,257
PROGRESSIVE,12/3/2014,1432
PROGRESSIVE,12/3/2014,525
METLIFE,12/3/2014,1200
TRAVELERS,12/3/2014,120
TRAVELERS,12/3/2014,691
TRAVELERS,12/3/2014,1469
TRAVELERS,12/3/2014,715
TRAVELERS,12/3/2014,1828
TRAVELERS,12/3/2014,1994
TRAVELERS,12/3/2014,1007
TRAVELERS,12/3/2014,1848
TRAVELERS,12/3/2014,594
TRAVELERS,12/3/2014,1297
TRAVELERS,12/3/2014,2271
TRAVELERS,12/3/2014,1276
TRAVELERS,12/3/2014,2942
TRAVELERS,12/3/2014,1629
TRAVELERS,12/3/2014,774
TRAVELERS,12/3/2014,683
TRAVELERS,12/3/2014,1238
TRAVELERS,12/3/2014,989
TRAVELERS,12/3/2014,1571
TRAVELERS,12/3/2014,1048
TRAVELERS,12/3/2014,1620
TRAVELERS,12/3/2014,531
TRAVELERS,12/3/2014,2124
TRAVELERS,12/3/2014,792
TRAVELERS,12/3/2014,1054
TRAVELERS,12/3/2014,1224
TRAVELERS,12/3/2014,993
TRAVELERS,12/3/2014,1739
TRAVELERS,12/3/2014,711
TRAVELERS,12/3/2014,724
TRAVELERS,12/3/2014,960
TRAVELERS,12/3/2014,1882
METLIFE,12/3/2014,1453
FOREMOST,12/3/2014,636
FOREMOST,12/3/2014,579
FOREMOST,12/3/2014,631
FOREMOST,12/3/2014,813
FOREMOST,12/3/2014,618
FOREMOST,12/3/2014,773
FOREMOST,12/3/2014,669
FOREMOST,12/3/2014,740
FOREMOST,12/3/2014,1610
FOREMOST,12/3/2014,729
FOREMOST,12/3/2014,1257
FOREMOST,12/3/2014,1524
FOREMOST,12/3/2014,665
ASI,12/3/2014,1004
ESURANCE,12/3/2014,652
PLYMOUTH ROCK,12/3/2014,520
PLYMOUTH ROCK,12/3/2014,488
PLYMOUTH ROCK,12/3/2014,621
PLYMOUTH ROCK,12/3/2014,801
PLYMOUTH ROCK,12/3/2014,829
PLYMOUTH ROCK,12/3/2014,639
THE GENERAL,12/3/2014,1587
THE GENERAL,12/3/2014,957
THE GENERAL,12/3/2014,690
THE GENERAL,12/3/2014,558
THE GENERAL,12/3/2014,965
THE GENERAL,12/3/2014,581
THE GENERAL,12/3/2014,383
SAFECO,12/3/2014,380
SAFECO,12/3/2014,866
SAFECO,12/3/2014,179
SAFECO,12/3/2014,120
SAFECO,12/3/2014,886
SAFECO,12/3/2014,449
SAFECO,12/3/2014,258
THE GENERAL,12/3/2014,639
THE GENERAL,12/3/2014,1464
THE GENERAL,12/3/2014,1316
THE GENERAL,12/3/2014,1954
THE GENERAL,12/3/2014,501
THE GENERAL,12/3/2014,940
THE GENERAL,12/3/2014,1176
THE GENERAL,12/3/2014,2788
THE GENERAL,12/3/2014,832
THE GENERAL,12/3/2014,612
MERCURY,12/3/2014,246
MERCURY,12/3/2014,430
MERCURY,12/3/2014,741
MERCURY,12/3/2014,332
MERCURY,12/3/2014,587
MERCURY,12/3/2014,399
MERCURY,12/3/2014,885
MERCURY,12/3/2014,1797
MERCURY,12/3/2014,1560
MERCURY,12/3/2014,381
MERCURY,12/3/2014,882
MERCURY,12/3/2014,1634
MERCURY,12/3/2014,834
MERCURY,12/3/2014,425
MERCURY,12/3/2014,523
MERCURY,12/3/2014,561
MERCURY,12/3/2014,242
MERCURY,12/3/2014,374
MERCURY,12/3/2014,446
MERCURY,12/3/2014,644
MERCURY,12/3/2014,170
MERCURY,12/3/2014,1475
MERCURY,12/3/2014,889
MERCURY,12/3/2014,503
THE GENERAL,12/3/2014,2570
SAFECO,12/3/2014,779.6
SAFECO,12/3/2014,1069.4
SAFECO,12/3/2014,908
SAFECO,12/3/2014,2010.67
SAFECO,12/3/2014,1321.3
SAFECO,12/3/2014,1418.52
SAFECO,12/3/2014,1374.13
SAFECO,12/3/2014,553.46
SAFECO,12/3/2014,515.86
SAFECO,12/3/2014,667
SAFECO,12/3/2014,1707
SAFECO,12/3/2014,1552
SAFECO,12/3/2014,824
SAFECO,12/3/2014,2522.3
SAFECO,12/3/2014,749
SAFECO,12/3/2014,1921.6
SAFECO,12/3/2014,2706.3
SAFECO,12/3/2014,1252.84
SAFECO,12/3/2014,1229.6
SAFECO,12/3/2014,1904.51
SAFECO,12/3/2014,829
SAFECO,12/3/2014,785.4
SAFECO,12/3/2014,818.8
SAFECO,12/3/2014,1536.76
SAFECO,12/3/2014,571.4
SAFECO,12/3/2014,798
SAFECO,12/3/2014,1450.1
SAFECO,12/3/2014,1843.2
SAFECO,12/3/2014,1516.8
SAFECO,12/3/2014,1391.7
SAFECO,12/3/2014,2204.9
SAFECO,12/3/2014,1644
SAFECO,12/3/2014,533.3
SAFECO,12/3/2014,3068
SAFECO,12/3/2014,826.7
SAFECO,12/3/2014,657.8
SAFECO,12/3/2014,1271.43
SAFECO,12/3/2014,2673.9
SAFECO,12/3/2014,1196.7
SAFECO,12/3/2014,1533
SAFECO,12/3/2014,512.2
SAFECO,12/3/2014,2446.2
SAFECO,12/3/2014,1589.6
SAFECO,12/3/2014,1298
SAFECO,12/3/2014,1477.7
SAFECO,12/3/2014,1828
SAFECO,12/3/2014,1789.2
SAFECO,12/3/2014,1241
SAFECO,12/3/2014,734.7
SAFECO,12/3/2014,1001.9
SAFECO,12/3/2014,424.92
SAFECO,12/3/2014,872.6
SAFECO,12/3/2014,1226
SAFECO,12/3/2014,1272
SAFECO,12/3/2014,1102
SAFECO,12/3/2014,952
SAFECO,12/3/2014,788.1
SAFECO,12/3/2014,1190
SAFECO,12/3/2014,1516
SAFECO,12/3/2014,330
SAFECO,12/3/2014,447.1
SAFECO,12/3/2014,1031.9
SAFECO,12/3/2014,1553.8
SAFECO,12/3/2014,1862.2
SAFECO,12/3/2014,1472
SAFECO,12/3/2014,1917
SAFECO,12/3/2014,939.5
SAFECO,12/3/2014,1013.1
SAFECO,12/3/2014,1652.4
SAFECO,12/3/2014,1868
SAFECO,12/3/2014,1732
SAFECO,12/3/2014,1807
SAFECO,12/3/2014,1743.6
MERCURY,12/4/2014,533
HARTFORD,12/4/2014,763
HARTFORD,12/4/2014,858
HARTFORD,12/4/2014,735
HARTFORD,12/4/2014,863
HARTFORD,12/4/2014,407
HARTFORD,12/4/2014,1427
HARTFORD,12/4/2014,659
HARTFORD,12/4/2014,533
HARTFORD,12/4/2014,264
HARTFORD,12/4/2014,1134
HARTFORD,12/4/2014,531
HARTFORD,12/4/2014,561
HARTFORD,12/4/2014,703
HARTFORD,12/4/2014,228
HARTFORD,12/4/2014,2214
HARTFORD,12/4/2014,787
MERCURY,12/4/2014,781
MERCURY,12/4/2014,2564
21ST,12/4/2014,869.88
21ST,12/4/2014,524.81
21ST,12/4/2014,187.85
21ST,12/4/2014,732.77
21ST,12/4/2014,438
21ST,12/4/2014,488
21ST,12/4/2014,1086.41
21ST,12/4/2014,1421
21ST,12/4/2014,2096.67
21ST,12/4/2014,311.48
21ST,12/4/2014,790.17
21ST,12/4/2014,920.91
21ST,12/4/2014,786.7
21ST,12/4/2014,334.36
21ST,12/4/2014,419.35
21ST,12/4/2014,607.43
21ST,12/4/2014,498.77
21ST,12/4/2014,631.38
21ST,12/4/2014,533.7
21ST,12/4/2014,264
21ST,12/4/2014,810
21ST,12/4/2014,572.44
21ST,12/4/2014,848.31
21ST,12/4/2014,712
21ST,12/4/2014,689
21ST,12/4/2014,107.34
21ST,12/4/2014,489
21ST,12/4/2014,361
21ST,12/4/2014,951
21ST,12/4/2014,488
21ST,12/4/2014,1054.25
21ST,12/4/2014,301.08
21ST,12/4/2014,395.21
21ST,12/4/2014,348.99
21ST,12/4/2014,639.76
21ST,12/4/2014,857
21ST,12/4/2014,628
MERCURY,12/4/2014,1176
MERCURY,12/4/2014,1110
DAIRYLAND,12/4/2014,1038
MERCURY,12/4/2014,933
MERCURY,12/4/2014,594
MERCURY,12/4/2014,1081
MERCURY,12/4/2014,1770
MERCURY,12/4/2014,1844
DAIRYLAND,12/4/2014,382.98
DAIRYLAND,12/4/2014,450
ESURANCE,12/4/2014,1040
PROGRESSIVE,12/4/2014,557.82
PROGRESSIVE,12/4/2014,279.66
PROGRESSIVE,12/4/2014,836
PROGRESSIVE,12/4/2014,895
PROGRESSIVE,12/4/2014,335
PROGRESSIVE,12/4/2014,569
PROGRESSIVE,12/4/2014,740
PROGRESSIVE,12/4/2014,434
PROGRESSIVE,12/4/2014,409
PROGRESSIVE,12/4/2014,370
PROGRESSIVE,12/4/2014,559
PROGRESSIVE,12/4/2014,441
PROGRESSIVE,12/4/2014,609
PROGRESSIVE,12/4/2014,548
PROGRESSIVE,12/4/2014,373
PROGRESSIVE,12/4/2014,962
PROGRESSIVE,12/4/2014,1657
PROGRESSIVE,12/4/2014,785
PROGRESSIVE,12/4/2014,351
PROGRESSIVE,12/4/2014,496
PROGRESSIVE,12/4/2014,286
PROGRESSIVE,12/4/2014,476.5
PROGRESSIVE,12/4/2014,1034.5
PROGRESSIVE,12/4/2014,459
PROGRESSIVE,12/4/2014,352
PROGRESSIVE,12/4/2014,784
PROGRESSIVE,12/4/2014,1071
PROGRESSIVE,12/4/2014,1312
PROGRESSIVE,12/4/2014,1033
PROGRESSIVE,12/4/2014,1159
PROGRESSIVE,12/4/2014,151
PROGRESSIVE,12/4/2014,356
PROGRESSIVE,12/4/2014,1075
PROGRESSIVE,12/4/2014,519
PROGRESSIVE,12/4/2014,467
PROGRESSIVE,12/4/2014,1129
PROGRESSIVE,12/4/2014,1311
PROGRESSIVE,12/4/2014,352
PROGRESSIVE,12/4/2014,182
PROGRESSIVE,12/4/2014,560
PROGRESSIVE,12/4/2014,854
PROGRESSIVE,12/4/2014,387
PROGRESSIVE,12/4/2014,941
PROGRESSIVE,12/4/2014,609
PROGRESSIVE,12/4/2014,747
PROGRESSIVE,12/4/2014,708
PROGRESSIVE,12/4/2014,221
PROGRESSIVE,12/4/2014,1116.5
PROGRESSIVE,12/4/2014,1825
PROGRESSIVE,12/4/2014,296
PROGRESSIVE,12/4/2014,1542
PROGRESSIVE,12/4/2014,582
PROGRESSIVE,12/4/2014,1486
PROGRESSIVE,12/4/2014,164
PROGRESSIVE,12/4/2014,753
PROGRESSIVE,12/4/2014,668
PROGRESSIVE,12/4/2014,432
PROGRESSIVE,12/4/2014,1645
PROGRESSIVE,12/4/2014,346
PROGRESSIVE,12/4/2014,202
PROGRESSIVE,12/4/2014,709
PROGRESSIVE,12/4/2014,370
21ST,12/4/2014,304.4
TRAVELERS,12/4/2014,1768
TRAVELERS,12/4/2014,938
TRAVELERS,12/4/2014,1310
TRAVELERS,12/4/2014,671
TRAVELERS,12/4/2014,743
TRAVELERS,12/4/2014,806
TRAVELERS,12/4/2014,1461
TRAVELERS,12/4/2014,1089
TRAVELERS,12/4/2014,1293
TRAVELERS,12/4/2014,3564
TRAVELERS,12/4/2014,1017
TRAVELERS,12/4/2014,1595
TRAVELERS,12/4/2014,787
TRAVELERS,12/4/2014,5249
TRAVELERS,12/4/2014,1030
TRAVELERS,12/4/2014,1491
TRAVELERS,12/4/2014,3271
TRAVELERS,12/4/2014,1176
TRAVELERS,12/4/2014,1530
TRAVELERS,12/4/2014,1251
TRAVELERS,12/4/2014,701
TRAVELERS,12/4/2014,755
ASI,12/4/2014,1193
THE GENERAL,12/4/2014,1079
FOREMOST,12/4/2014,660
FOREMOST,12/4/2014,691
FOREMOST,12/4/2014,574
FOREMOST,12/4/2014,876
FOREMOST,12/4/2014,661
FOREMOST,12/4/2014,454
FOREMOST,12/4/2014,253
FOREMOST,12/4/2014,444
FOREMOST,12/4/2014,618
FOREMOST,12/4/2014,652
FOREMOST,12/4/2014,816
FOREMOST,12/4/2014,1479
FOREMOST,12/4/2014,469
FOREMOST,12/4/2014,1085
FOREMOST,12/4/2014,835
FOREMOST,12/4/2014,816
FOREMOST,12/4/2014,1117
PLYMOUTH ROCK,12/4/2014,534
PLYMOUTH ROCK,12/4/2014,647
PLYMOUTH ROCK,12/4/2014,753
PLYMOUTH ROCK,12/4/2014,701
PLYMOUTH ROCK,12/4/2014,1038
PLYMOUTH ROCK,12/4/2014,1893
PLYMOUTH ROCK,12/4/2014,458
PLYMOUTH ROCK,12/4/2014,362
PLYMOUTH ROCK,12/4/2014,675
PLYMOUTH ROCK,12/4/2014,720
PLYMOUTH ROCK,12/4/2014,720
THE GENERAL,12/4/2014,517
THE GENERAL,12/4/2014,548
SAFECO,12/4/2014,782
SAFECO,12/4/2014,574
THE GENERAL,12/4/2014,532
THE GENERAL,12/4/2014,1457
THE GENERAL,12/4/2014,1071
THE GENERAL,12/4/2014,2531
THE GENERAL,12/4/2014,2283
THE GENERAL,12/4/2014,886
THE GENERAL,12/4/2014,4260
THE GENERAL,12/4/2014,969
MERCURY,12/4/2014,362
MERCURY,12/4/2014,600
MERCURY,12/4/2014,559
MERCURY,12/4/2014,983
MERCURY,12/4/2014,524
MERCURY,12/4/2014,864
MERCURY,12/4/2014,269
MERCURY,12/4/2014,207
MERCURY,12/4/2014,690
MERCURY,12/4/2014,533
MERCURY,12/4/2014,1941
MERCURY,12/4/2014,246
MERCURY,12/4/2014,399
MERCURY,12/4/2014,510
MERCURY,12/4/2014,544
MERCURY,12/4/2014,313
MERCURY,12/4/2014,380
MERCURY,12/4/2014,89
MERCURY,12/4/2014,642
MERCURY,12/4/2014,1492
MERCURY,12/4/2014,895
MERCURY,12/4/2014,796
MERCURY,12/4/2014,843
MERCURY,12/4/2014,343
MERCURY,12/4/2014,400
MERCURY,12/4/2014,426
MERCURY,12/4/2014,1630
MERCURY,12/4/2014,1690
MERCURY,12/4/2014,612
THE GENERAL,12/4/2014,10590
SAFECO,12/4/2014,4274
SAFECO,12/4/2014,2445.88
SAFECO,12/4/2014,1073.6
SAFECO,12/4/2014,883.7
SAFECO,12/4/2014,1009.1
SAFECO,12/4/2014,1484.4
SAFECO,12/4/2014,523
SAFECO,12/4/2014,1018.3
SAFECO,12/4/2014,828
SAFECO,12/4/2014,295
SAFECO,12/4/2014,2121.5
SAFECO,12/4/2014,2379
SAFECO,12/4/2014,1314.5
SAFECO,12/4/2014,1285.52
SAFECO,12/4/2014,2464.3
SAFECO,12/4/2014,1351.3
SAFECO,12/4/2014,431.7
SAFECO,12/4/2014,725
SAFECO,12/4/2014,2402.4
SAFECO,12/4/2014,1394.2
SAFECO,12/4/2014,1648.9
SAFECO,12/4/2014,948.7
SAFECO,12/4/2014,1417.72
SAFECO,12/4/2014,509.6
SAFECO,12/4/2014,1979.9
SAFECO,12/4/2014,1043.8
SAFECO,12/4/2014,1545.4
SAFECO,12/4/2014,1043.1
SAFECO,12/4/2014,1101
SAFECO,12/4/2014,1738.6
SAFECO,12/4/2014,887.1
SAFECO,12/4/2014,4506.2
SAFECO,12/4/2014,453.8
SAFECO,12/4/2014,977
SAFECO,12/4/2014,1809.3
SAFECO,12/4/2014,1046
SAFECO,12/4/2014,114.97
SAFECO,12/4/2014,1344
SAFECO,12/4/2014,1040
SAFECO,12/4/2014,583.6
SAFECO,12/4/2014,1794.6
SAFECO,12/4/2014,2270.6
SAFECO,12/4/2014,1248.9
SAFECO,12/4/2014,949.1
SAFECO,12/4/2014,1204
PROGRESSIVE,12/4/2014,151
SAFECO,12/4/2014,2778.6
SAFECO,12/4/2014,1281.6
SAFECO,12/4/2014,1578
SAFECO,12/4/2014,1412.2
SAFECO,12/4/2014,3861.7
SAFECO,12/4/2014,1188.7
SAFECO,12/4/2014,1890.4
SAFECO,12/4/2014,270
SAFECO,12/4/2014,1579.5
SAFECO,12/4/2014,3468.8
SAFECO,12/4/2014,768
SAFECO,12/4/2014,717.3
SAFECO,12/4/2014,1197
SAFECO,12/4/2014,1721.6
SAFECO,12/4/2014,1616.5
HARTFORD,12/5/2014,827
HARTFORD,12/5/2014,1565
HARTFORD,12/5/2014,539
HARTFORD,12/5/2014,953
HARTFORD,12/5/2014,1404
HARTFORD,12/5/2014,662
HARTFORD,12/5/2014,1184
HARTFORD,12/5/2014,763
HARTFORD,12/5/2014,802
HARTFORD,12/5/2014,671
MERCURY,12/5/2014,1487.2
21ST,12/5/2014,294
21ST,12/5/2014,517
21ST,12/5/2014,579
21ST,12/5/2014,995.6
21ST,12/5/2014,1027.51
21ST,12/5/2014,456.67
21ST,12/5/2014,702.47
21ST,12/5/2014,562.99
21ST,12/5/2014,956.58
21ST,12/5/2014,974.54
21ST,12/5/2014,1183.37
21ST,12/5/2014,279
21ST,12/5/2014,522
21ST,12/5/2014,309.95
21ST,12/5/2014,1078.07
21ST,12/5/2014,459.15
21ST,12/5/2014,331.54
21ST,12/5/2014,605.55
21ST,12/5/2014,220
21ST,12/5/2014,406.03
21ST,12/5/2014,526.84
21ST,12/5/2014,756.73
21ST,12/5/2014,811
21ST,12/5/2014,207
21ST,12/5/2014,1133.19
21ST,12/5/2014,452
21ST,12/5/2014,428
21ST,12/5/2014,372.45
21ST,12/5/2014,489.56
21ST,12/5/2014,1018
21ST,12/5/2014,1017.99
21ST,12/5/2014,684
21ST,12/5/2014,729.79
21ST,12/5/2014,491.46
21ST,12/5/2014,383.24
21ST,12/5/2014,299.31
21ST,12/5/2014,711.54
21ST,12/5/2014,767.44
21ST,12/5/2014,608.43
21ST,12/5/2014,908.66
21ST,12/5/2014,554
MERCURY,12/5/2014,788
MERCURY,12/5/2014,1076
MERCURY,12/5/2014,730
MERCURY,12/5/2014,1002
MERCURY,12/5/2014,1359
MERCURY,12/5/2014,2063
DAIRYLAND,12/5/2014,390
DAIRYLAND,12/5/2014,468
MERCURY,12/5/2014,985
MERCURY,12/5/2014,712
MERCURY,12/5/2014,1132
MERCURY,12/5/2014,721
MERCURY,12/5/2014,779
MERCURY,12/5/2014,2030
MERCURY,12/5/2014,2048
MERCURY,12/5/2014,1462
MERCURY,12/5/2014,804
MERCURY,12/5/2014,439
MERCURY,12/5/2014,1816
MERCURY,12/5/2014,888
MERCURY,12/5/2014,888
MERCURY,12/5/2014,448
MERCURY,12/5/2014,943
ESURANCE,12/5/2014,686
ESURANCE,12/5/2014,1116
PROGRESSIVE,12/5/2014,769.87
PROGRESSIVE,12/5/2014,952
PROGRESSIVE,12/5/2014,827
PROGRESSIVE,12/5/2014,610
PROGRESSIVE,12/5/2014,495
PROGRESSIVE,12/5/2014,1079
PROGRESSIVE,12/5/2014,1838
PROGRESSIVE,12/5/2014,420
PROGRESSIVE,12/5/2014,326
PROGRESSIVE,12/5/2014,230
PROGRESSIVE,12/5/2014,270
PROGRESSIVE,12/5/2014,740
PROGRESSIVE,12/5/2014,434
PROGRESSIVE,12/5/2014,394.28
PROGRESSIVE,12/5/2014,1509
PROGRESSIVE,12/5/2014,470.57
PROGRESSIVE,12/5/2014,1200
PROGRESSIVE,12/5/2014,786
PROGRESSIVE,12/5/2014,1318
PROGRESSIVE,12/5/2014,651
PROGRESSIVE,12/5/2014,692
PROGRESSIVE,12/5/2014,190
PROGRESSIVE,12/5/2014,1569
PROGRESSIVE,12/5/2014,665
PROGRESSIVE,12/5/2014,335
PROGRESSIVE,12/5/2014,311
PROGRESSIVE,12/5/2014,2042
PROGRESSIVE,12/5/2014,763
PROGRESSIVE,12/5/2014,614
PROGRESSIVE,12/5/2014,431
PROGRESSIVE,12/5/2014,806
PROGRESSIVE,12/5/2014,907
PROGRESSIVE,12/5/2014,308
PROGRESSIVE,12/5/2014,392
PROGRESSIVE,12/5/2014,608
PROGRESSIVE,12/5/2014,474
PROGRESSIVE,12/5/2014,622
PROGRESSIVE,12/5/2014,512
PROGRESSIVE,12/5/2014,433
PROGRESSIVE,12/5/2014,235
PROGRESSIVE,12/5/2014,791
PROGRESSIVE,12/5/2014,748
PROGRESSIVE,12/5/2014,1446
PROGRESSIVE,12/5/2014,1449
PROGRESSIVE,12/5/2014,683
PROGRESSIVE,12/5/2014,842
PROGRESSIVE,12/5/2014,535
PROGRESSIVE,12/5/2014,477
PROGRESSIVE,12/5/2014,1100
PROGRESSIVE,12/5/2014,2625
PROGRESSIVE,12/5/2014,395
PROGRESSIVE,12/5/2014,435
PROGRESSIVE,12/5/2014,470
PROGRESSIVE,12/5/2014,985
PROGRESSIVE,12/5/2014,724
PROGRESSIVE,12/5/2014,732
PROGRESSIVE,12/5/2014,1216
PROGRESSIVE,12/5/2014,182.5
PROGRESSIVE,12/5/2014,474
PROGRESSIVE,12/5/2014,306
PROGRESSIVE,12/5/2014,1012
PROGRESSIVE,12/5/2014,766
PROGRESSIVE,12/5/2014,582
PROGRESSIVE,12/5/2014,965
PROGRESSIVE,12/5/2014,1233
PROGRESSIVE,12/5/2014,1235
TRAVELERS,12/5/2014,755
TRAVELERS,12/5/2014,1828
TRAVELERS,12/5/2014,1113
TRAVELERS,12/5/2014,2254
TRAVELERS,12/5/2014,457
TRAVELERS,12/5/2014,2664
TRAVELERS,12/5/2014,926
TRAVELERS,12/5/2014,675
TRAVELERS,12/5/2014,1064
TRAVELERS,12/5/2014,1040
TRAVELERS,12/5/2014,1075
TRAVELERS,12/5/2014,3109
TRAVELERS,12/5/2014,1568
TRAVELERS,12/5/2014,929
TRAVELERS,12/5/2014,663
TRAVELERS,12/5/2014,570
TRAVELERS,12/5/2014,1557
TRAVELERS,12/5/2014,969
TRAVELERS,12/5/2014,1631
TRAVELERS,12/5/2014,2779
TRAVELERS,12/5/2014,2790
TRAVELERS,12/5/2014,1472
TRAVELERS,12/5/2014,1376
TRAVELERS,12/5/2014,1692
TRAVELERS,12/5/2014,955
TRAVELERS,12/5/2014,472
TRAVELERS,12/5/2014,1696
TRAVELERS,12/5/2014,1353
TRAVELERS,12/5/2014,1463
TRAVELERS,12/5/2014,2053
TRAVELERS,12/5/2014,2059.2
TRAVELERS,12/5/2014,147
TRAVELERS,12/5/2014,1696
TRAVELERS,12/5/2014,742
TRAVELERS,12/5/2014,955
TRAVELERS,12/5/2014,1169
THE GENERAL,12/5/2014,1583
THE GENERAL,12/5/2014,2587
FOREMOST,12/5/2014,430
FOREMOST,12/5/2014,1281
FOREMOST,12/5/2014,372
FOREMOST,12/5/2014,1373
FOREMOST,12/5/2014,554
FOREMOST,12/5/2014,2021
FOREMOST,12/5/2014,876
FOREMOST,12/5/2014,2000
FOREMOST,12/5/2014,742
FOREMOST,12/5/2014,679
FOREMOST,12/5/2014,1299.99
FOREMOST,12/5/2014,679
PLYMOUTH ROCK,12/5/2014,426
PLYMOUTH ROCK,12/5/2014,849
PLYMOUTH ROCK,12/5/2014,844
PLYMOUTH ROCK,12/5/2014,935
PLYMOUTH ROCK,12/5/2014,2319
PLYMOUTH ROCK,12/5/2014,723
PLYMOUTH ROCK,12/5/2014,493
THE GENERAL,12/5/2014,545
THE GENERAL,12/5/2014,742
THE GENERAL,12/5/2014,1541
THE GENERAL,12/5/2014,679
THE GENERAL,12/5/2014,548
THE GENERAL,12/5/2014,752
THE GENERAL,12/5/2014,1149
THE GENERAL,12/5/2014,742
SAFECO,12/5/2014,146
SAFECO,12/5/2014,543
SAFECO,12/5/2014,1252
SAFECO,12/5/2014,405
SAFECO,12/5/2014,191
THE GENERAL,12/5/2014,759
THE GENERAL,12/5/2014,1139
THE GENERAL,12/5/2014,947
THE GENERAL,12/5/2014,1602
THE GENERAL,12/5/2014,327
THE GENERAL,12/5/2014,754
THE GENERAL,12/5/2014,1353
THE GENERAL,12/5/2014,2320
THE GENERAL,12/5/2014,798
THE GENERAL,12/5/2014,1243
MERCURY,12/5/2014,514
MERCURY,12/5/2014,432
MERCURY,12/5/2014,427
MERCURY,12/5/2014,1188
MERCURY,12/5/2014,295
MERCURY,12/5/2014,1060
MERCURY,12/5/2014,1636
MERCURY,12/5/2014,589
MERCURY,12/5/2014,289
MERCURY,12/5/2014,944
MERCURY,12/5/2014,1516
MERCURY,12/5/2014,426
MERCURY,12/5/2014,768
MERCURY,12/5/2014,323
MERCURY,12/5/2014,629
MERCURY,12/5/2014,418
MERCURY,12/5/2014,619
MERCURY,12/5/2014,382
MERCURY,12/5/2014,326
MERCURY,12/5/2014,309
MERCURY,12/5/2014,796
MERCURY,12/5/2014,572
MERCURY,12/5/2014,342
MERCURY,12/5/2014,1032
MERCURY,12/5/2014,494
MERCURY,12/5/2014,190
MERCURY,12/5/2014,542
MERCURY,12/5/2014,343
MERCURY,12/5/2014,2294
MERCURY,12/5/2014,1150
SAFECO,12/5/2014,1208
SAFECO,12/5/2014,738.1
SAFECO,12/5/2014,874.4
SAFECO,12/5/2014,537.8
SAFECO,12/5/2014,1163
SAFECO,12/5/2014,1215
SAFECO,12/5/2014,1656
SAFECO,12/5/2014,1343.1
SAFECO,12/5/2014,855.56
SAFECO,12/5/2014,880
SAFECO,12/5/2014,507.7
SAFECO,12/5/2014,1701.2
SAFECO,12/5/2014,1459.22
SAFECO,12/5/2014,392.3
SAFECO,12/5/2014,750
SAFECO,12/5/2014,996.2
SAFECO,12/5/2014,826.6
SAFECO,12/5/2014,858.7
SAFECO,12/5/2014,875
SAFECO,12/5/2014,446
SAFECO,12/5/2014,1394.9
SAFECO,12/5/2014,743
SAFECO,12/5/2014,452.8
SAFECO,12/5/2014,1360.1
SAFECO,12/5/2014,1843.2
SAFECO,12/5/2014,887.4
SAFECO,12/5/2014,1220
SAFECO,12/5/2014,2389.3
SAFECO,12/5/2014,516
SAFECO,12/5/2014,1589.1
SAFECO,12/5/2014,1176.7
SAFECO,12/5/2014,1098
SAFECO,12/5/2014,1886.4
SAFECO,12/5/2014,587.3
SAFECO,12/5/2014,2092
SAFECO,12/5/2014,1291.7
SAFECO,12/5/2014,425.4
SAFECO,12/5/2014,2582.5
SAFECO,12/5/2014,1291.76
SAFECO,12/5/2014,1211
SAFECO,12/5/2014,2849.3
SAFECO,12/5/2014,478.7
SAFECO,12/5/2014,1626.2
SAFECO,12/5/2014,1329.3
SAFECO,12/5/2014,718.7
SAFECO,12/5/2014,1240
SAFECO,12/5/2014,1602.7
SAFECO,12/5/2014,1159.2
SAFECO,12/5/2014,1102.26
SAFECO,12/5/2014,3004.9
SAFECO,12/5/2014,1376.6
SAFECO,12/5/2014,1419.1
SAFECO,12/5/2014,1311
SAFECO,12/5/2014,967.4
SAFECO,12/5/2014,1181.4
SAFECO,12/5/2014,1395
SAFECO,12/5/2014,1773
SAFECO,12/5/2014,587.9
SAFECO,12/5/2014,786.06
SAFECO,12/5/2014,1484.7
SAFECO,12/5/2014,1146.1
SAFECO,12/5/2014,1142.5
SAFECO,12/5/2014,1539.49
SAFECO,12/5/2014,2932
SAFECO,12/5/2014,409
SAFECO,12/5/2014,652.9
SAFECO,12/5/2014,836.6
SAFECO,12/5/2014,617
SAFECO,12/5/2014,1089.9
SAFECO,12/5/2014,3393.6
SAFECO,12/5/2014,185
SAFECO,12/5/2014,1124
SAFECO,12/5/2014,2027
SAFECO,12/5/2014,1637.1
SAFECO,12/5/2014,579.4
SAFECO,12/5/2014,4817
SAFECO,12/5/2014,1066.1
SAFECO,12/5/2014,1345.6
SAFECO,12/5/2014,1680
SAFECO,12/5/2014,1130
SAFECO,12/5/2014,1003
SAFECO,12/5/2014,1152
SAFECO,12/5/2014,787.1
SAFECO,12/5/2014,2025.9
21ST,12/6/2014,569.54
21ST,12/6/2014,280.53
PROGRESSIVE,12/6/2014,771
PROGRESSIVE,12/6/2014,249
PROGRESSIVE,12/6/2014,882
PROGRESSIVE,12/6/2014,9940
PROGRESSIVE,12/6/2014,719.94
TRAVELERS,12/6/2014,1267
TRAVELERS,12/6/2014,882
TRAVELERS,12/6/2014,1382
TRAVELERS,12/6/2014,1233
TRAVELERS,12/6/2014,2502
PLYMOUTH ROCK,12/6/2014,868
MERCURY,12/6/2014,322
SAFECO,12/6/2014,1217
SAFECO,12/6/2014,1066
SAFECO,12/6/2014,969.4
SAFECO,12/6/2014,2252.6
SAFECO,12/6/2014,599.4
SAFECO,12/6/2014,2547.2
HARTFORD,12/8/2014,825
HARTFORD,12/8/2014,646
HARTFORD,12/8/2014,645
HARTFORD,12/8/2014,629
HARTFORD,12/8/2014,1847
HARTFORD,12/8/2014,569
HARTFORD,12/8/2014,853
HARTFORD,12/8/2014,519
HARTFORD,12/8/2014,757
HARTFORD,12/8/2014,882
HARTFORD,12/8/2014,1331
HARTFORD,12/8/2014,387
HARTFORD,12/8/2014,1239
HARTFORD,12/8/2014,812.94
HARTFORD,12/8/2014,231
HARTFORD,12/8/2014,361
HARTFORD,12/8/2014,1037
21ST,12/8/2014,295.02
21ST,12/8/2014,511.99
21ST,12/8/2014,773
21ST,12/8/2014,1122.5
21ST,12/8/2014,364.7
21ST,12/8/2014,675
21ST,12/8/2014,459.49
21ST,12/8/2014,555.79
21ST,12/8/2014,995.15
21ST,12/8/2014,503
21ST,12/8/2014,36
21ST,12/8/2014,1470
21ST,12/8/2014,534.14
21ST,12/8/2014,366
21ST,12/8/2014,217.97
21ST,12/8/2014,220.62
21ST,12/8/2014,698.67
21ST,12/8/2014,354.38
21ST,12/8/2014,320.89
21ST,12/8/2014,914
21ST,12/8/2014,618.63
21ST,12/8/2014,1328.44
21ST,12/8/2014,115
21ST,12/8/2014,259
21ST,12/8/2014,1565
21ST,12/8/2014,722
21ST,12/8/2014,560.11
21ST,12/8/2014,740.17
21ST,12/8/2014,802.72
21ST,12/8/2014,829
MERCURY,12/8/2014,1163
MERCURY,12/8/2014,1517
MERCURY,12/8/2014,607
MERCURY,12/8/2014,1353
MERCURY,12/8/2014,619
MERCURY,12/8/2014,983
MERCURY,12/8/2014,1322
MERCURY,12/8/2014,594
MERCURY,12/8/2014,641
MERCURY,12/8/2014,1700
MERCURY,12/8/2014,901
MERCURY,12/8/2014,1729
MERCURY,12/8/2014,1301
MERCURY,12/8/2014,1938
ESURANCE,12/8/2014,554
ESURANCE,12/8/2014,941
ESURANCE,12/8/2014,1242
ESURANCE,12/8/2014,326
ESURANCE,12/8/2014,318
PROGRESSIVE,12/8/2014,446
PROGRESSIVE,12/8/2014,297.47
PROGRESSIVE,12/8/2014,788
PROGRESSIVE,12/8/2014,820
PROGRESSIVE,12/8/2014,1265
PROGRESSIVE,12/8/2014,240
PROGRESSIVE,12/8/2014,187.5
PROGRESSIVE,12/8/2014,590
PROGRESSIVE,12/8/2014,867
PROGRESSIVE,12/8/2014,1130.5
PROGRESSIVE,12/8/2014,966
PROGRESSIVE,12/8/2014,236
PROGRESSIVE,12/8/2014,534
PROGRESSIVE,12/8/2014,1636
PROGRESSIVE,12/8/2014,780
PROGRESSIVE,12/8/2014,940
PROGRESSIVE,12/8/2014,593.5
PROGRESSIVE,12/8/2014,1090
PROGRESSIVE,12/8/2014,960
PROGRESSIVE,12/8/2014,693
PROGRESSIVE,12/8/2014,523
PROGRESSIVE,12/8/2014,881
PROGRESSIVE,12/8/2014,380
PROGRESSIVE,12/8/2014,1116
PROGRESSIVE,12/8/2014,2924
PROGRESSIVE,12/8/2014,386
PROGRESSIVE,12/8/2014,411
PROGRESSIVE,12/8/2014,1086
PROGRESSIVE,12/8/2014,237
PROGRESSIVE,12/8/2014,467
PROGRESSIVE,12/8/2014,473
PROGRESSIVE,12/8/2014,948
PROGRESSIVE,12/8/2014,381
PROGRESSIVE,12/8/2014,733
PROGRESSIVE,12/8/2014,839
PROGRESSIVE,12/8/2014,434
PROGRESSIVE,12/8/2014,366
PROGRESSIVE,12/8/2014,949
PROGRESSIVE,12/8/2014,453
PROGRESSIVE,12/8/2014,1775
PROGRESSIVE,12/8/2014,2356
PROGRESSIVE,12/8/2014,426
PROGRESSIVE,12/8/2014,842
PROGRESSIVE,12/8/2014,861
TRAVELERS,12/8/2014,2405
TRAVELERS,12/8/2014,798
TRAVELERS,12/8/2014,1060
TRAVELERS,12/8/2014,973
TRAVELERS,12/8/2014,1904
TRAVELERS,12/8/2014,956
TRAVELERS,12/8/2014,1704
TRAVELERS,12/8/2014,903
TRAVELERS,12/8/2014,2209
TRAVELERS,12/8/2014,1155
TRAVELERS,12/8/2014,1953
TRAVELERS,12/8/2014,349
TRAVELERS,12/8/2014,1785.06
TRAVELERS,12/8/2014,1102
TRAVELERS,12/8/2014,2415
TRAVELERS,12/8/2014,1162
TRAVELERS,12/8/2014,2052
TRAVELERS,12/8/2014,2368
METLIFE,12/8/2014,731
FOREMOST,12/8/2014,724
FOREMOST,12/8/2014,1231
FOREMOST,12/8/2014,367
FOREMOST,12/8/2014,933
FOREMOST,12/8/2014,473
FOREMOST,12/8/2014,1185
FOREMOST,12/8/2014,1348
FOREMOST,12/8/2014,1329
PLYMOUTH ROCK,12/8/2014,1119
PLYMOUTH ROCK,12/8/2014,551
PLYMOUTH ROCK,12/8/2014,468
PLYMOUTH ROCK,12/8/2014,496
PLYMOUTH ROCK,12/8/2014,1447
PLYMOUTH ROCK,12/8/2014,390
PLYMOUTH ROCK,12/8/2014,1348
PLYMOUTH ROCK,12/8/2014,2405
PLYMOUTH ROCK,12/8/2014,901
PLYMOUTH ROCK,12/8/2014,1272
PLYMOUTH ROCK,12/8/2014,957
PLYMOUTH ROCK,12/8/2014,1500
PLYMOUTH ROCK,12/8/2014,744
THE GENERAL,12/8/2014,353
THE GENERAL,12/8/2014,2066
THE GENERAL,12/8/2014,599
THE GENERAL,12/8/2014,953
THE GENERAL,12/8/2014,987
SAFECO,12/8/2014,600
SAFECO,12/8/2014,206
SAFECO,12/8/2014,1212
SAFECO,12/8/2014,118
SAFECO,12/8/2014,835
THE GENERAL,12/8/2014,1405
THE GENERAL,12/8/2014,1690
THE GENERAL,12/8/2014,1680
ASI,12/8/2014,748
THE GENERAL,12/8/2014,980
THE GENERAL,12/8/2014,1369
THE GENERAL,12/8/2014,941
MERCURY,12/8/2014,744
MERCURY,12/8/2014,1136
MERCURY,12/8/2014,916
MERCURY,12/8/2014,388
MERCURY,12/8/2014,220
MERCURY,12/8/2014,438
MERCURY,12/8/2014,327
MERCURY,12/8/2014,655
MERCURY,12/8/2014,265
MERCURY,12/8/2014,698
MERCURY,12/8/2014,299
MERCURY,12/8/2014,896
MERCURY,12/8/2014,421
MERCURY,12/8/2014,712
MERCURY,12/8/2014,670
MERCURY,12/8/2014,409
MERCURY,12/8/2014,1696
MERCURY,12/8/2014,210
MERCURY,12/8/2014,1365
THE GENERAL,12/8/2014,2317
SAFECO,12/8/2014,1272.2
SAFECO,12/8/2014,1194
SAFECO,12/8/2014,1149
SAFECO,12/8/2014,1085.31
SAFECO,12/8/2014,1041
SAFECO,12/8/2014,771
SAFECO,12/8/2014,827.3
SAFECO,12/8/2014,3071
SAFECO,12/8/2014,992.5
SAFECO,12/8/2014,1907.1
SAFECO,12/8/2014,931.4
SAFECO,12/8/2014,885.4
SAFECO,12/8/2014,1326.2
SAFECO,12/8/2014,2428.8
SAFECO,12/8/2014,1604.3
SAFECO,12/8/2014,1263.8
SAFECO,12/8/2014,1406.46
SAFECO,12/8/2014,2301.3
SAFECO,12/8/2014,1634
SAFECO,12/8/2014,1114.3
SAFECO,12/8/2014,1352.5
SAFECO,12/8/2014,1048.8
SAFECO,12/8/2014,2149.6
SAFECO,12/8/2014,1412
SAFECO,12/8/2014,1201.1
SAFECO,12/8/2014,959.7
SAFECO,12/8/2014,1024.1
SAFECO,12/8/2014,1566
SAFECO,12/8/2014,908.3
SAFECO,12/8/2014,1791.28
SAFECO,12/8/2014,1724
SAFECO,12/8/2014,1415
SAFECO,12/8/2014,1067.5
SAFECO,12/8/2014,1801.3
SAFECO,12/8/2014,1222
SAFECO,12/8/2014,2354
SAFECO,12/8/2014,1251
SAFECO,12/8/2014,1002.05
SAFECO,12/8/2014,319.1
SAFECO,12/8/2014,2103.2
SAFECO,12/8/2014,858
SAFECO,12/8/2014,1949.2
SAFECO,12/8/2014,521
SAFECO,12/8/2014,698.5
SAFECO,12/8/2014,2395.2
SAFECO,12/8/2014,864.5
SAFECO,12/8/2014,619.63
SAFECO,12/8/2014,1609
SAFECO,12/8/2014,1315.2
SAFECO,12/8/2014,1968
SAFECO,12/8/2014,1647.6
SAFECO,12/8/2014,1085.5
SAFECO,12/8/2014,1066.9
SAFECO,12/8/2014,2520.4
SAFECO,12/8/2014,2186
SAFECO,12/8/2014,1826
SAFECO,12/8/2014,1032.6
SAFECO,12/8/2014,430.7
SAFECO,12/8/2014,1362.2
SAFECO,12/8/2014,524
SAFECO,12/8/2014,1523
SAFECO,12/8/2014,1982.7
SAFECO,12/8/2014,1413.8
SAFECO,12/8/2014,1638.6
SAFECO,12/8/2014,2568
HARTFORD,12/9/2014,2204
HARTFORD,12/9/2014,562
HARTFORD,12/9/2014,437
HARTFORD,12/9/2014,586.5
HARTFORD,12/9/2014,1246
HARTFORD,12/9/2014,2711
HARTFORD,12/9/2014,508
HARTFORD,12/9/2014,531
HARTFORD,12/9/2014,840
HARTFORD,12/9/2014,1060
HARTFORD,12/9/2014,899
HARTFORD,12/9/2014,951
HARTFORD,12/9/2014,382
MERCURY,12/9/2014,1630
MERCURY,12/9/2014,988.69
21ST,12/9/2014,663
21ST,12/9/2014,911.36
21ST,12/9/2014,305.59
21ST,12/9/2014,683.28
21ST,12/9/2014,336.9
21ST,12/9/2014,495
21ST,12/9/2014,191.79
21ST,12/9/2014,847.71
21ST,12/9/2014,549.2
21ST,12/9/2014,391.38
21ST,12/9/2014,673
21ST,12/9/2014,464
21ST,12/9/2014,595
21ST,12/9/2014,192
21ST,12/9/2014,448.69
21ST,12/9/2014,729
21ST,12/9/2014,949
21ST,12/9/2014,1333.07
21ST,12/9/2014,880.14
21ST,12/9/2014,367.87
21ST,12/9/2014,460.45
21ST,12/9/2014,1272.99
21ST,12/9/2014,571.58
21ST,12/9/2014,661
21ST,12/9/2014,2636.04
21ST,12/9/2014,354.99
21ST,12/9/2014,867.94
21ST,12/9/2014,395.35
21ST,12/9/2014,684
21ST,12/9/2014,336
21ST,12/9/2014,808.34
21ST,12/9/2014,363.9
21ST,12/9/2014,270.27
21ST,12/9/2014,788.78
21ST,12/9/2014,429
21ST,12/9/2014,888.57
21ST,12/9/2014,606.5
21ST,12/9/2014,512
MERCURY,12/9/2014,727
DAIRYLAND,12/9/2014,672
MERCURY,12/9/2014,913
MERCURY,12/9/2014,2338
MERCURY,12/9/2014,947
MERCURY,12/9/2014,950
MERCURY,12/9/2014,1073
MERCURY,12/9/2014,1876
DAIRYLAND,12/9/2014,228.24
ESURANCE,12/9/2014,986
ESURANCE,12/9/2014,627
PROGRESSIVE,12/9/2014,717
PROGRESSIVE,12/9/2014,699.58
PROGRESSIVE,12/9/2014,725
PROGRESSIVE,12/9/2014,405
PROGRESSIVE,12/9/2014,657
PROGRESSIVE,12/9/2014,483
PROGRESSIVE,12/9/2014,588
PROGRESSIVE,12/9/2014,293
PROGRESSIVE,12/9/2014,265
PROGRESSIVE,12/9/2014,719
PROGRESSIVE,12/9/2014,266
PROGRESSIVE,12/9/2014,795
PROGRESSIVE,12/9/2014,300
PROGRESSIVE,12/9/2014,1382
PROGRESSIVE,12/9/2014,639
PROGRESSIVE,12/9/2014,273
PROGRESSIVE,12/9/2014,430
PROGRESSIVE,12/9/2014,640
PROGRESSIVE,12/9/2014,425.33
PROGRESSIVE,12/9/2014,377
PROGRESSIVE,12/9/2014,214
PROGRESSIVE,12/9/2014,909
PROGRESSIVE,12/9/2014,710
PROGRESSIVE,12/9/2014,333
PROGRESSIVE,12/9/2014,459.5
PROGRESSIVE,12/9/2014,939
PROGRESSIVE,12/9/2014,558
PROGRESSIVE,12/9/2014,278
PROGRESSIVE,12/9/2014,252
PROGRESSIVE,12/9/2014,657
PROGRESSIVE,12/9/2014,1308
PROGRESSIVE,12/9/2014,568
PROGRESSIVE,12/9/2014,1966
TRAVELERS,12/9/2014,859
TRAVELERS,12/9/2014,479
TRAVELERS,12/9/2014,957
TRAVELERS,12/9/2014,780
TRAVELERS,12/9/2014,1991
TRAVELERS,12/9/2014,1308
TRAVELERS,12/9/2014,1346
TRAVELERS,12/9/2014,1299
TRAVELERS,12/9/2014,1034
TRAVELERS,12/9/2014,1156
TRAVELERS,12/9/2014,908
TRAVELERS,12/9/2014,720
TRAVELERS,12/9/2014,549
TRAVELERS,12/9/2014,1253
TRAVELERS,12/9/2014,886
TRAVELERS,12/9/2014,2164
TRAVELERS,12/9/2014,1937
TRAVELERS,12/9/2014,774
TRAVELERS,12/9/2014,2011
TRAVELERS,12/9/2014,2360
TRAVELERS,12/9/2014,834
TRAVELERS,12/9/2014,1334
TRAVELERS,12/9/2014,966
TRAVELERS,12/9/2014,2887
FOREMOST,12/9/2014,423
FOREMOST,12/9/2014,1813
FOREMOST,12/9/2014,1274
FOREMOST,12/9/2014,989
FOREMOST,12/9/2014,668
FOREMOST,12/9/2014,975
FOREMOST,12/9/2014,1053
FOREMOST,12/9/2014,1778
FOREMOST,12/9/2014,1895
FOREMOST,12/9/2014,1673
FOREMOST,12/9/2014,2722
FOREMOST,12/9/2014,232
FOREMOST,12/9/2014,898
FOREMOST,12/9/2014,621
FOREMOST,12/9/2014,1112
PLYMOUTH ROCK,12/9/2014,1160
PLYMOUTH ROCK,12/9/2014,736
PLYMOUTH ROCK,12/9/2014,316
PLYMOUTH ROCK,12/9/2014,525
PLYMOUTH ROCK,12/9/2014,536
PLYMOUTH ROCK,12/9/2014,671
PLYMOUTH ROCK,12/9/2014,517
THE GENERAL,12/9/2014,438
THE GENERAL,12/9/2014,732
THE GENERAL,12/9/2014,859
THE GENERAL,12/9/2014,1759
THE GENERAL,12/9/2014,1638
SAFECO,12/9/2014,915
SAFECO,12/9/2014,982
SAFECO,12/9/2014,723
SAFECO,12/9/2014,390
SAFECO,12/9/2014,754
SAFECO,12/9/2014,1198
SAFECO,12/9/2014,181.86
THE GENERAL,12/9/2014,935
THE GENERAL,12/9/2014,3871
THE GENERAL,12/9/2014,2456
THE GENERAL,12/9/2014,993
MERCURY,12/9/2014,819
MERCURY,12/9/2014,849
MERCURY,12/9/2014,491
MERCURY,12/9/2014,256
MERCURY,12/9/2014,410
MERCURY,12/9/2014,236
MERCURY,12/9/2014,1010
MERCURY,12/9/2014,425
MERCURY,12/9/2014,537
MERCURY,12/9/2014,273
MERCURY,12/9/2014,328
MERCURY,12/9/2014,291
MERCURY,12/9/2014,1753
MERCURY,12/9/2014,309
MERCURY,12/9/2014,1057
MERCURY,12/9/2014,849
MERCURY,12/9/2014,816
MERCURY,12/9/2014,345
MERCURY,12/9/2014,521
MERCURY,12/9/2014,336
SAFECO,12/9/2014,661.8
SAFECO,12/9/2014,911.4
SAFECO,12/9/2014,764.7
SAFECO,12/9/2014,977
SAFECO,12/9/2014,2243.5
SAFECO,12/9/2014,921
SAFECO,12/9/2014,1112.4
SAFECO,12/9/2014,1686.1
SAFECO,12/9/2014,717
SAFECO,12/9/2014,1325.2
SAFECO,12/9/2014,1680
SAFECO,12/9/2014,677
SAFECO,12/9/2014,2614.3
SAFECO,12/9/2014,1583.1
SAFECO,12/9/2014,1588.2
SAFECO,12/9/2014,2412.1
SAFECO,12/9/2014,511.3
SAFECO,12/9/2014,1833.2
SAFECO,12/9/2014,979.8
SAFECO,12/9/2014,337.9
SAFECO,12/9/2014,2837.7
SAFECO,12/9/2014,1315.4
SAFECO,12/9/2014,1858
SAFECO,12/9/2014,1560.9
SAFECO,12/9/2014,1863.1
SAFECO,12/9/2014,1154
SAFECO,12/9/2014,787.8
SAFECO,12/9/2014,1105.9
SAFECO,12/9/2014,1336
SAFECO,12/9/2014,1615.92
SAFECO,12/9/2014,1235
SAFECO,12/9/2014,1891.6
SAFECO,12/9/2014,624.8
SAFECO,12/9/2014,724.6
SAFECO,12/9/2014,1569.4
SAFECO,12/9/2014,1720.8
SAFECO,12/9/2014,978.1
SAFECO,12/9/2014,1055.2
SAFECO,12/9/2014,1738
SAFECO,12/9/2014,1107.1
SAFECO,12/9/2014,1460.9
SAFECO,12/9/2014,524
SAFECO,12/9/2014,992
SAFECO,12/9/2014,1321
SAFECO,12/9/2014,1316.5
SAFECO,12/9/2014,1089.73
SAFECO,12/9/2014,777.3
SAFECO,12/9/2014,1449.32
SAFECO,12/9/2014,1296.7
SAFECO,12/9/2014,957.8
SAFECO,12/9/2014,1689
SAFECO,12/9/2014,1863.2
SAFECO,12/9/2014,1675
SAFECO,12/9/2014,1528.6
SAFECO,12/9/2014,4333
SAFECO,12/9/2014,1176.1
SAFECO,12/9/2014,2331
SAFECO,12/9/2014,1569.9
SAFECO,12/9/2014,1907
SAFECO,12/9/2014,1376
SAFECO,12/9/2014,866.5
HARTFORD,12/10/2014,488
HARTFORD,12/10/2014,1055
HARTFORD,12/10/2014,1133
HARTFORD,12/10/2014,460
HARTFORD,12/10/2014,1013
HARTFORD,12/10/2014,1017.45
HARTFORD,12/10/2014,414
HARTFORD,12/10/2014,981
HARTFORD,12/10/2014,1301
HARTFORD,12/10/2014,2307
HARTFORD,12/10/2014,1092
HARTFORD,12/10/2014,929
HARTFORD,12/10/2014,752
HARTFORD,12/10/2014,7434
HARTFORD,12/10/2014,1009
HARTFORD,12/10/2014,770
HARTFORD,12/10/2014,591
HARTFORD,12/10/2014,1772
HARTFORD,12/10/2014,217.5
HARTFORD,12/10/2014,975
HARTFORD,12/10/2014,560
HARTFORD,12/10/2014,461
HARTFORD,12/10/2014,513
HARTFORD,12/10/2014,584
HARTFORD,12/10/2014,108
MERCURY,12/10/2014,966
MERCURY,12/10/2014,1800
21ST,12/10/2014,437.52
21ST,12/10/2014,785
21ST,12/10/2014,481.45
21ST,12/10/2014,419.81
21ST,12/10/2014,610.82
21ST,12/10/2014,275
21ST,12/10/2014,593.95
21ST,12/10/2014,1759
21ST,12/10/2014,414.22
21ST,12/10/2014,577.51
21ST,12/10/2014,211
21ST,12/10/2014,728.18
21ST,12/10/2014,743.26
21ST,12/10/2014,441.84
21ST,12/10/2014,887.66
21ST,12/10/2014,830.63
21ST,12/10/2014,1082.61
21ST,12/10/2014,880
21ST,12/10/2014,579.4
21ST,12/10/2014,441
21ST,12/10/2014,330.69
21ST,12/10/2014,703.63
21ST,12/10/2014,482
21ST,12/10/2014,948.95
21ST,12/10/2014,672
21ST,12/10/2014,622.45
21ST,12/10/2014,1050.3
21ST,12/10/2014,694.4
21ST,12/10/2014,821.37
21ST,12/10/2014,550.72
21ST,12/10/2014,291
21ST,12/10/2014,1092
21ST,12/10/2014,1246
21ST,12/10/2014,713.32
21ST,12/10/2014,509
21ST,12/10/2014,821
21ST,12/10/2014,812.7
MERCURY,12/10/2014,2600
MERCURY,12/10/2014,606
MERCURY,12/10/2014,846
MERCURY,12/10/2014,1759
MERCURY,12/10/2014,2220
MERCURY,12/10/2014,2167
MERCURY,12/10/2014,916
MERCURY,12/10/2014,2069
MERCURY,12/10/2014,1287
MERCURY,12/10/2014,1093
DAIRYLAND,12/10/2014,1674
DAIRYLAND,12/10/2014,356.61
DAIRYLAND,12/10/2014,388
MERCURY,12/10/2014,500
MERCURY,12/10/2014,1322
MERCURY,12/10/2014,1334
MERCURY,12/10/2014,1269
MERCURY,12/10/2014,991
ESURANCE,12/10/2014,590
ESURANCE,12/10/2014,3045
PROGRESSIVE,12/10/2014,706.07
PROGRESSIVE,12/10/2014,283
PROGRESSIVE,12/10/2014,294
PROGRESSIVE,12/10/2014,439
PROGRESSIVE,12/10/2014,224
PROGRESSIVE,12/10/2014,304
PROGRESSIVE,12/10/2014,786
PROGRESSIVE,12/10/2014,131
PROGRESSIVE,12/10/2014,1177
PROGRESSIVE,12/10/2014,609
PROGRESSIVE,12/10/2014,654
PROGRESSIVE,12/10/2014,1136
PROGRESSIVE,12/10/2014,274
PROGRESSIVE,12/10/2014,423
PROGRESSIVE,12/10/2014,323
PROGRESSIVE,12/10/2014,1040
PROGRESSIVE,12/10/2014,361
PROGRESSIVE,12/10/2014,411
PROGRESSIVE,12/10/2014,987
PROGRESSIVE,12/10/2014,1475
PROGRESSIVE,12/10/2014,165
PROGRESSIVE,12/10/2014,704
PROGRESSIVE,12/10/2014,859
PROGRESSIVE,12/10/2014,317
PROGRESSIVE,12/10/2014,457
PROGRESSIVE,12/10/2014,399
PROGRESSIVE,12/10/2014,635
PROGRESSIVE,12/10/2014,799
PROGRESSIVE,12/10/2014,1481
PROGRESSIVE,12/10/2014,1678
PROGRESSIVE,12/10/2014,454
PROGRESSIVE,12/10/2014,1004
PROGRESSIVE,12/10/2014,1463
PROGRESSIVE,12/10/2014,772
PROGRESSIVE,12/10/2014,730.5
TRAVELERS,12/10/2014,527
TRAVELERS,12/10/2014,1262
TRAVELERS,12/10/2014,608
TRAVELERS,12/10/2014,996
TRAVELERS,12/10/2014,588
TRAVELERS,12/10/2014,785
TRAVELERS,12/10/2014,1456
TRAVELERS,12/10/2014,1133
TRAVELERS,12/10/2014,1513
TRAVELERS,12/10/2014,1970
TRAVELERS,12/10/2014,683
TRAVELERS,12/10/2014,1477
TRAVELERS,12/10/2014,1005
TRAVELERS,12/10/2014,652
TRAVELERS,12/10/2014,1685
TRAVELERS,12/10/2014,951
TRAVELERS,12/10/2014,1689
TRAVELERS,12/10/2014,3824
TRAVELERS,12/10/2014,593
TRAVELERS,12/10/2014,2414
TRAVELERS,12/10/2014,687
TRAVELERS,12/10/2014,1526
TRAVELERS,12/10/2014,1020
TRAVELERS,12/10/2014,681
TRAVELERS,12/10/2014,1725
TRAVELERS,12/10/2014,718
TRAVELERS,12/10/2014,1607
TRAVELERS,12/10/2014,1545
TRAVELERS,12/10/2014,1442
FOREMOST,12/10/2014,563
FOREMOST,12/10/2014,1114
FOREMOST,12/10/2014,632
FOREMOST,12/10/2014,519
FOREMOST,12/10/2014,366
FOREMOST,12/10/2014,1437
FOREMOST,12/10/2014,864
FOREMOST,12/10/2014,412
FOREMOST,12/10/2014,912
FOREMOST,12/10/2014,800
FOREMOST,12/10/2014,714
FOREMOST,12/10/2014,775
FOREMOST,12/10/2014,3178
FOREMOST,12/10/2014,903
FOREMOST,12/10/2014,1729
PLYMOUTH ROCK,12/10/2014,2034
PLYMOUTH ROCK,12/10/2014,628
PLYMOUTH ROCK,12/10/2014,786
PLYMOUTH ROCK,12/10/2014,534
PLYMOUTH ROCK,12/10/2014,926
PLYMOUTH ROCK,12/10/2014,463
PLYMOUTH ROCK,12/10/2014,361
THE GENERAL,12/10/2014,600
THE GENERAL,12/10/2014,521
THE GENERAL,12/10/2014,831
THE GENERAL,12/10/2014,494
SAFECO,12/10/2014,191
SAFECO,12/10/2014,367
SAFECO,12/10/2014,996
THE GENERAL,12/10/2014,663
THE GENERAL,12/10/2014,1396
THE GENERAL,12/10/2014,855
THE GENERAL,12/10/2014,2110
MERCURY,12/10/2014,855
MERCURY,12/10/2014,448
MERCURY,12/10/2014,1615
MERCURY,12/10/2014,292
MERCURY,12/10/2014,400
MERCURY,12/10/2014,586
MERCURY,12/10/2014,451
MERCURY,12/10/2014,1311
MERCURY,12/10/2014,370
MERCURY,12/10/2014,491
MERCURY,12/10/2014,739
MERCURY,12/10/2014,237
MERCURY,12/10/2014,224
MERCURY,12/10/2014,383
MERCURY,12/10/2014,964
MERCURY,12/10/2014,452
MERCURY,12/10/2014,625
MERCURY,12/10/2014,1471
MERCURY,12/10/2014,731
MERCURY,12/10/2014,373
MERCURY,12/10/2014,522
MERCURY,12/10/2014,1086
MERCURY,12/10/2014,1031
MERCURY,12/10/2014,245
MERCURY,12/10/2014,362
ASI,12/10/2014,403
SAFECO,12/10/2014,1746
SAFECO,12/10/2014,1162.4
SAFECO,12/10/2014,789.7
SAFECO,12/10/2014,862
SAFECO,12/10/2014,843
SAFECO,12/10/2014,676.2
SAFECO,12/10/2014,711
SAFECO,12/10/2014,268.01
SAFECO,12/10/2014,1353.1
SAFECO,12/10/2014,596
SAFECO,12/10/2014,689.2
SAFECO,12/10/2014,1247.16
SAFECO,12/10/2014,378.38
SAFECO,12/10/2014,1444.4
SAFECO,12/10/2014,1375.4
SAFECO,12/10/2014,717.2
SAFECO,12/10/2014,1718
SAFECO,12/10/2014,1646.6
SAFECO,12/10/2014,831
SAFECO,12/10/2014,3148.9
SAFECO,12/10/2014,551.3
SAFECO,12/10/2014,1202
SAFECO,12/10/2014,1375.4
SAFECO,12/10/2014,1195.2
SAFECO,12/10/2014,968
SAFECO,12/10/2014,2230.1
SAFECO,12/10/2014,1330.3
SAFECO,12/10/2014,961
SAFECO,12/10/2014,1725.4
SAFECO,12/10/2014,1165
SAFECO,12/10/2014,745.3
SAFECO,12/10/2014,302
SAFECO,12/10/2014,951.9
SAFECO,12/10/2014,1152.6
SAFECO,12/10/2014,897
SAFECO,12/10/2014,1560
SAFECO,12/10/2014,688
SAFECO,12/10/2014,563.7
SAFECO,12/10/2014,3118.1
SAFECO,12/10/2014,1313.9
SAFECO,12/10/2014,1783.1
SAFECO,12/10/2014,2803
SAFECO,12/10/2014,1384
SAFECO,12/10/2014,1055.1
SAFECO,12/10/2014,488
SAFECO,12/10/2014,1225.4
SAFECO,12/10/2014,1535.1
SAFECO,12/10/2014,2319
SAFECO,12/10/2014,1464
SAFECO,12/10/2014,868.9
SAFECO,12/10/2014,1454
SAFECO,12/10/2014,1277.5
SAFECO,12/10/2014,1899
SAFECO,12/10/2014,482.7
SAFECO,12/10/2014,4326.5
SAFECO,12/10/2014,79.99
SAFECO,12/10/2014,2070
SAFECO,12/10/2014,2536.8
SAFECO,12/10/2014,937.7
SAFECO,12/10/2014,671.7
SAFECO,12/10/2014,1702.5
SAFECO,12/10/2014,588.9
HARTFORD,12/11/2014,640.45
DAIRYLAND,12/11/2014,371
HARTFORD,12/11/2014,675
HARTFORD,12/11/2014,1192
HARTFORD,12/11/2014,489
HARTFORD,12/11/2014,640
HARTFORD,12/11/2014,1261
HARTFORD,12/11/2014,482
HARTFORD,12/11/2014,1848
HARTFORD,12/11/2014,481
HARTFORD,12/11/2014,267
HARTFORD,12/11/2014,374
HARTFORD,12/11/2014,289
HARTFORD,12/11/2014,1204
HARTFORD,12/11/2014,494
HARTFORD,12/11/2014,400
HARTFORD,12/11/2014,1133
HARTFORD,12/11/2014,470
HARTFORD,12/11/2014,263
HARTFORD,12/11/2014,754
HARTFORD,12/11/2014,1148
HARTFORD,12/11/2014,1632
HARTFORD,12/11/2014,519
HARTFORD,12/11/2014,1003
HARTFORD,12/11/2014,517
MERCURY,12/11/2014,1965
MERCURY,12/11/2014,1094
21ST,12/11/2014,97.5
21ST,12/11/2014,320.35
21ST,12/11/2014,549.91
21ST,12/11/2014,600.3
21ST,12/11/2014,890
21ST,12/11/2014,339.3
21ST,12/11/2014,319
21ST,12/11/2014,1183.67
21ST,12/11/2014,386.77
21ST,12/11/2014,519
21ST,12/11/2014,285
21ST,12/11/2014,1634.94
21ST,12/11/2014,467.85
21ST,12/11/2014,419.03
21ST,12/11/2014,1059.65
21ST,12/11/2014,641.33
21ST,12/11/2014,1007.57
21ST,12/11/2014,719
21ST,12/11/2014,242
21ST,12/11/2014,679.45
21ST,12/11/2014,308.05
21ST,12/11/2014,535.66
MERCURY,12/11/2014,881
MERCURY,12/11/2014,1278
MERCURY,12/11/2014,954
MERCURY,12/11/2014,886
MERCURY,12/11/2014,420
MERCURY,12/11/2014,3498
DAIRYLAND,12/11/2014,438
DAIRYLAND,12/11/2014,540
MERCURY,12/11/2014,464
MERCURY,12/11/2014,674
MERCURY,12/11/2014,1620
MERCURY,12/11/2014,993
MERCURY,12/11/2014,2624
MERCURY,12/11/2014,1390.9
DAIRYLAND,12/11/2014,260
ESURANCE,12/11/2014,750
PROGRESSIVE,12/11/2014,750
PROGRESSIVE,12/11/2014,486
PROGRESSIVE,12/11/2014,1231
PROGRESSIVE,12/11/2014,1162.03
PROGRESSIVE,12/11/2014,1434
PROGRESSIVE,12/11/2014,445
PROGRESSIVE,12/11/2014,421
PROGRESSIVE,12/11/2014,1588
PROGRESSIVE,12/11/2014,1165
PROGRESSIVE,12/11/2014,636
PROGRESSIVE,12/11/2014,546
PROGRESSIVE,12/11/2014,1095
PROGRESSIVE,12/11/2014,1315
PROGRESSIVE,12/11/2014,1077
PROGRESSIVE,12/11/2014,1179
PROGRESSIVE,12/11/2014,1008
PROGRESSIVE,12/11/2014,917
PROGRESSIVE,12/11/2014,646
PROGRESSIVE,12/11/2014,244
PROGRESSIVE,12/11/2014,298.5
PROGRESSIVE,12/11/2014,672
PROGRESSIVE,12/11/2014,520.5
PROGRESSIVE,12/11/2014,1075.02
PROGRESSIVE,12/11/2014,994
PROGRESSIVE,12/11/2014,478
PROGRESSIVE,12/11/2014,512
PROGRESSIVE,12/11/2014,281
PROGRESSIVE,12/11/2014,150
PROGRESSIVE,12/11/2014,2422
PROGRESSIVE,12/11/2014,615
PROGRESSIVE,12/11/2014,641
PROGRESSIVE,12/11/2014,558
PROGRESSIVE,12/11/2014,302
PROGRESSIVE,12/11/2014,1219
PROGRESSIVE,12/11/2014,549
PROGRESSIVE,12/11/2014,524
PROGRESSIVE,12/11/2014,333
PROGRESSIVE,12/11/2014,339
PROGRESSIVE,12/11/2014,299
PROGRESSIVE,12/11/2014,1776
PROGRESSIVE,12/11/2014,753
PROGRESSIVE,12/11/2014,278
PROGRESSIVE,12/11/2014,281
PROGRESSIVE,12/11/2014,443
PROGRESSIVE,12/11/2014,687
PROGRESSIVE,12/11/2014,983
PROGRESSIVE,12/11/2014,542
TRAVELERS,12/11/2014,1379
TRAVELERS,12/11/2014,1491
TRAVELERS,12/11/2014,1709
TRAVELERS,12/11/2014,1765
TRAVELERS,12/11/2014,736
TRAVELERS,12/11/2014,773
TRAVELERS,12/11/2014,3073
TRAVELERS,12/11/2014,2174
TRAVELERS,12/11/2014,2036
TRAVELERS,12/11/2014,131
TRAVELERS,12/11/2014,911
TRAVELERS,12/11/2014,1897
TRAVELERS,12/11/2014,2328
TRAVELERS,12/11/2014,933
TRAVELERS,12/11/2014,1040
TRAVELERS,12/11/2014,2321
TRAVELERS,12/11/2014,1242
TRAVELERS,12/11/2014,1094
TRAVELERS,12/11/2014,1139
TRAVELERS,12/11/2014,1072
TRAVELERS,12/11/2014,1602
TRAVELERS,12/11/2014,1172
TRAVELERS,12/11/2014,1784
TRAVELERS,12/11/2014,3268
TRAVELERS,12/11/2014,1763
TRAVELERS,12/11/2014,1563
TRAVELERS,12/11/2014,1229
TRAVELERS,12/11/2014,761
TRAVELERS,12/11/2014,1334.64
TRAVELERS,12/11/2014,777
TRAVELERS,12/11/2014,651
TRAVELERS,12/11/2014,2795
TRAVELERS,12/11/2014,1969
TRAVELERS,12/11/2014,962
THE GENERAL,12/11/2014,389.75
THE GENERAL,12/11/2014,3948
FOREMOST,12/11/2014,847
FOREMOST,12/11/2014,283
FOREMOST,12/11/2014,169
FOREMOST,12/11/2014,1056
FOREMOST,12/11/2014,2247
FOREMOST,12/11/2014,442
FOREMOST,12/11/2014,352
FOREMOST,12/11/2014,382
FOREMOST,12/11/2014,849
FOREMOST,12/11/2014,645
FOREMOST,12/11/2014,1581
FOREMOST,12/11/2014,1399
FOREMOST,12/11/2014,406
FOREMOST,12/11/2014,424
FOREMOST,12/11/2014,1282
FOREMOST,12/11/2014,1439
FOREMOST,12/11/2014,804
FOREMOST,12/11/2014,1970
FOREMOST,12/11/2014,808
FOREMOST,12/11/2014,515
FOREMOST,12/11/2014,832
PLYMOUTH ROCK,12/11/2014,1975
PLYMOUTH ROCK,12/11/2014,1934
PLYMOUTH ROCK,12/11/2014,2326
PLYMOUTH ROCK,12/11/2014,1791
PLYMOUTH ROCK,12/11/2014,826
PLYMOUTH ROCK,12/11/2014,564
PLYMOUTH ROCK,12/11/2014,535
PLYMOUTH ROCK,12/11/2014,586
PLYMOUTH ROCK,12/11/2014,474
PLYMOUTH ROCK,12/11/2014,2075
PLYMOUTH ROCK,12/11/2014,831
PLYMOUTH ROCK,12/11/2014,1029
THE GENERAL,12/11/2014,1360
THE GENERAL,12/11/2014,586
THE GENERAL,12/11/2014,2582
THE GENERAL,12/11/2014,1927
THE GENERAL,12/11/2014,905
THE GENERAL,12/11/2014,2094
SAFECO,12/11/2014,122
SAFECO,12/11/2014,1636
SAFECO,12/11/2014,227
SAFECO,12/11/2014,709
SAFECO,12/11/2014,1270
THE GENERAL,12/11/2014,2964
THE GENERAL,12/11/2014,2187
THE GENERAL,12/11/2014,1442
THE GENERAL,12/11/2014,2582
MERCURY,12/11/2014,358
MERCURY,12/11/2014,202
MERCURY,12/11/2014,414
MERCURY,12/11/2014,535
MERCURY,12/11/2014,208
MERCURY,12/11/2014,634
MERCURY,12/11/2014,1170
MERCURY,12/11/2014,1504
MERCURY,12/11/2014,675
MERCURY,12/11/2014,481
MERCURY,12/11/2014,248
MERCURY,12/11/2014,443
MERCURY,12/11/2014,363.04
MERCURY,12/11/2014,510
MERCURY,12/11/2014,366
MERCURY,12/11/2014,550
MERCURY,12/11/2014,280
MERCURY,12/11/2014,2057
MERCURY,12/11/2014,1170
MERCURY,12/11/2014,1644
MERCURY,12/11/2014,630
MERCURY,12/11/2014,415
MERCURY,12/11/2014,217
MERCURY,12/11/2014,943
MERCURY,12/11/2014,918
THE GENERAL,12/11/2014,1185
THE GENERAL,12/11/2014,4132
SAFECO,12/11/2014,1202
SAFECO,12/11/2014,927.6
SAFECO,12/11/2014,1540.1
SAFECO,12/11/2014,470.6
SAFECO,12/11/2014,851.2
SAFECO,12/11/2014,759.9
SAFECO,12/11/2014,1378.7
SAFECO,12/11/2014,1064
SAFECO,12/11/2014,2450
SAFECO,12/11/2014,2566.64
SAFECO,12/11/2014,2723
SAFECO,12/11/2014,846.43
SAFECO,12/11/2014,1390.9
SAFECO,12/11/2014,935
SAFECO,12/11/2014,1427.2
SAFECO,12/11/2014,124
SAFECO,12/11/2014,1863.1
SAFECO,12/11/2014,4432.3
SAFECO,12/11/2014,1114.5
SAFECO,12/11/2014,1265
SAFECO,12/11/2014,1236.6
SAFECO,12/11/2014,3881.33
SAFECO,12/11/2014,1122.8
SAFECO,12/11/2014,1592.4
SAFECO,12/11/2014,1770
SAFECO,12/11/2014,1623.5
SAFECO,12/11/2014,1880.7
SAFECO,12/11/2014,558.6
SAFECO,12/11/2014,672.6
SAFECO,12/11/2014,814.2
SAFECO,12/11/2014,897
SAFECO,12/11/2014,708
SAFECO,12/11/2014,207
SAFECO,12/11/2014,1461
SAFECO,12/11/2014,1605.1
SAFECO,12/11/2014,2265.8
SAFECO,12/11/2014,2288
SAFECO,12/11/2014,448
SAFECO,12/11/2014,1777
SAFECO,12/11/2014,1769
SAFECO,12/11/2014,2843.88
SAFECO,12/11/2014,1927
SAFECO,12/11/2014,1139
SAFECO,12/11/2014,2207
SAFECO,12/11/2014,6994.1
SAFECO,12/11/2014,807
SAFECO,12/11/2014,608
SAFECO,12/11/2014,635.9
SAFECO,12/11/2014,1074.1
SAFECO,12/11/2014,1818.5
SAFECO,12/11/2014,1365.3
SAFECO,12/11/2014,2021.2
HARTFORD,12/12/2014,965
HARTFORD,12/12/2014,760
HARTFORD,12/12/2014,1579
HARTFORD,12/12/2014,365
HARTFORD,12/12/2014,1152
HARTFORD,12/12/2014,781
HARTFORD,12/12/2014,334
HARTFORD,12/12/2014,595
HARTFORD,12/12/2014,689
HARTFORD,12/12/2014,1285.5
HARTFORD,12/12/2014,1680
HARTFORD,12/12/2014,1984
HARTFORD,12/12/2014,683
HARTFORD,12/12/2014,583
HARTFORD,12/12/2014,707
HARTFORD,12/12/2014,465
HARTFORD,12/12/2014,3654
HARTFORD,12/12/2014,459
HARTFORD,12/12/2014,450
HARTFORD,12/12/2014,1595
MERCURY,12/12/2014,1000
MERCURY,12/12/2014,1436
MERCURY,12/12/2014,2216.44
21ST,12/12/2014,406
21ST,12/12/2014,457
21ST,12/12/2014,440.43
21ST,12/12/2014,411.38
21ST,12/12/2014,281.91
21ST,12/12/2014,453.64
21ST,12/12/2014,989
21ST,12/12/2014,656.98
21ST,12/12/2014,1967.2
21ST,12/12/2014,821
21ST,12/12/2014,726.62
21ST,12/12/2014,213.06
21ST,12/12/2014,481.05
21ST,12/12/2014,497.68
21ST,12/12/2014,579.17
21ST,12/12/2014,760.61
21ST,12/12/2014,401.1
21ST,12/12/2014,534
21ST,12/12/2014,409.19
21ST,12/12/2014,914.89
21ST,12/12/2014,1305.08
21ST,12/12/2014,652.33
21ST,12/12/2014,912.64
21ST,12/12/2014,188
21ST,12/12/2014,205.54
21ST,12/12/2014,1640.28
21ST,12/12/2014,1091
21ST,12/12/2014,583.7
21ST,12/12/2014,1506
21ST,12/12/2014,804.12
21ST,12/12/2014,632.18
21ST,12/12/2014,274.79
21ST,12/12/2014,526.77
21ST,12/12/2014,183.04
21ST,12/12/2014,595.18
21ST,12/12/2014,444.38
21ST,12/12/2014,742
21ST,12/12/2014,241.32
21ST,12/12/2014,488
MERCURY,12/12/2014,545
MERCURY,12/12/2014,1154
MERCURY,12/12/2014,1127
MERCURY,12/12/2014,1605
MERCURY,12/12/2014,1305
MERCURY,12/12/2014,2360
MERCURY,12/12/2014,498
MERCURY,12/12/2014,1767
MERCURY,12/12/2014,459
DAIRYLAND,12/12/2014,846
MERCURY,12/12/2014,1245
MERCURY,12/12/2014,1000
MERCURY,12/12/2014,938
MERCURY,12/12/2014,440
MERCURY,12/12/2014,690
MERCURY,12/12/2014,871
MERCURY,12/12/2014,1334
MERCURY,12/12/2014,308
MERCURY,12/12/2014,1480
MERCURY,12/12/2014,1351
DAIRYLAND,12/12/2014,920.94
ESURANCE,12/12/2014,745
PROGRESSIVE,12/12/2014,973
PROGRESSIVE,12/12/2014,845
PROGRESSIVE,12/12/2014,1029
PROGRESSIVE,12/12/2014,660
PROGRESSIVE,12/12/2014,578
PROGRESSIVE,12/12/2014,336
PROGRESSIVE,12/12/2014,2236
PROGRESSIVE,12/12/2014,1366
PROGRESSIVE,12/12/2014,908
PROGRESSIVE,12/12/2014,592
PROGRESSIVE,12/12/2014,353
PROGRESSIVE,12/12/2014,315
PROGRESSIVE,12/12/2014,657
PROGRESSIVE,12/12/2014,1310
PROGRESSIVE,12/12/2014,292
PROGRESSIVE,12/12/2014,724
PROGRESSIVE,12/12/2014,1041
PROGRESSIVE,12/12/2014,455
PROGRESSIVE,12/12/2014,397
PROGRESSIVE,12/12/2014,480
PROGRESSIVE,12/12/2014,673.02
PROGRESSIVE,12/12/2014,454
PROGRESSIVE,12/12/2014,1236.77
PROGRESSIVE,12/12/2014,1319
PROGRESSIVE,12/12/2014,486
PROGRESSIVE,12/12/2014,571
PROGRESSIVE,12/12/2014,258
PROGRESSIVE,12/12/2014,288
PROGRESSIVE,12/12/2014,130
PROGRESSIVE,12/12/2014,1429
PROGRESSIVE,12/12/2014,1402
PROGRESSIVE,12/12/2014,1719
PROGRESSIVE,12/12/2014,422
PROGRESSIVE,12/12/2014,536
PROGRESSIVE,12/12/2014,1700
PROGRESSIVE,12/12/2014,520
PROGRESSIVE,12/12/2014,300
PROGRESSIVE,12/12/2014,1587
PROGRESSIVE,12/12/2014,246
PROGRESSIVE,12/12/2014,369
PROGRESSIVE,12/12/2014,1185
PROGRESSIVE,12/12/2014,592
PROGRESSIVE,12/12/2014,953
PROGRESSIVE,12/12/2014,953
PROGRESSIVE,12/12/2014,567
PROGRESSIVE,12/12/2014,1157
PROGRESSIVE,12/12/2014,985
PROGRESSIVE,12/12/2014,260
PROGRESSIVE,12/12/2014,647
PROGRESSIVE,12/12/2014,665
PROGRESSIVE,12/12/2014,1523
PROGRESSIVE,12/12/2014,544
PROGRESSIVE,12/12/2014,443.5
TRAVELERS,12/12/2014,1839
TRAVELERS,12/12/2014,2347
TRAVELERS,12/12/2014,3866
TRAVELERS,12/12/2014,2914
TRAVELERS,12/12/2014,1134
TRAVELERS,12/12/2014,4758
TRAVELERS,12/12/2014,1134
TRAVELERS,12/12/2014,6214
TRAVELERS,12/12/2014,479.5
TRAVELERS,12/12/2014,2903
TRAVELERS,12/12/2014,1861
TRAVELERS,12/12/2014,1319
TRAVELERS,12/12/2014,286
TRAVELERS,12/12/2014,2880
TRAVELERS,12/12/2014,1309
TRAVELERS,12/12/2014,1546
TRAVELERS,12/12/2014,1433
TRAVELERS,12/12/2014,1484
TRAVELERS,12/12/2014,1185
TRAVELERS,12/12/2014,653
TRAVELERS,12/12/2014,1224
TRAVELERS,12/12/2014,1405
TRAVELERS,12/12/2014,1137
TRAVELERS,12/12/2014,1267
TRAVELERS,12/12/2014,481
TRAVELERS,12/12/2014,361
TRAVELERS,12/12/2014,758
TRAVELERS,12/12/2014,2414
FOREMOST,12/12/2014,530
FOREMOST,12/12/2014,1864
FOREMOST,12/12/2014,350
FOREMOST,12/12/2014,505
FOREMOST,12/12/2014,961
FOREMOST,12/12/2014,186
FOREMOST,12/12/2014,593
FOREMOST,12/12/2014,532
FOREMOST,12/12/2014,1344
FOREMOST,12/12/2014,315
FOREMOST,12/12/2014,460
FOREMOST,12/12/2014,993
FOREMOST,12/12/2014,887
FOREMOST,12/12/2014,378
FOREMOST,12/12/2014,495
FOREMOST,12/12/2014,561
THE GENERAL,12/12/2014,1254
PLYMOUTH ROCK,12/12/2014,1204
PLYMOUTH ROCK,12/12/2014,648
PLYMOUTH ROCK,12/12/2014,596
PLYMOUTH ROCK,12/12/2014,578
PLYMOUTH ROCK,12/12/2014,941
PLYMOUTH ROCK,12/12/2014,367
PLYMOUTH ROCK,12/12/2014,459
PLYMOUTH ROCK,12/12/2014,817
PLYMOUTH ROCK,12/12/2014,922
PLYMOUTH ROCK,12/12/2014,1171
PLYMOUTH ROCK,12/12/2014,1524
PLYMOUTH ROCK,12/12/2014,1004
PLYMOUTH ROCK,12/12/2014,624
PLYMOUTH ROCK,12/12/2014,930
THE GENERAL,12/12/2014,4198
THE GENERAL,12/12/2014,1897
THE GENERAL,12/12/2014,1728
THE GENERAL,12/12/2014,469
SAFECO,12/12/2014,871
SAFECO,12/12/2014,1676
SAFECO,12/12/2014,846
SAFECO,12/12/2014,300
THE GENERAL,12/12/2014,2741
THE GENERAL,12/12/2014,1179
THE GENERAL,12/12/2014,1033
THE GENERAL,12/12/2014,1116
THE GENERAL,12/12/2014,869
THE GENERAL,12/12/2014,933
THE GENERAL,12/12/2014,496
THE GENERAL,12/12/2014,911
THE GENERAL,12/12/2014,513
THE GENERAL,12/12/2014,717
MERCURY,12/12/2014,542
MERCURY,12/12/2014,1052
MERCURY,12/12/2014,1059
MERCURY,12/12/2014,599
MERCURY,12/12/2014,694
MERCURY,12/12/2014,532
MERCURY,12/12/2014,804.04
MERCURY,12/12/2014,832
MERCURY,12/12/2014,570
MERCURY,12/12/2014,948
MERCURY,12/12/2014,499
MERCURY,12/12/2014,247
MERCURY,12/12/2014,1711
MERCURY,12/12/2014,407
MERCURY,12/12/2014,510
MERCURY,12/12/2014,1832
MERCURY,12/12/2014,369
MERCURY,12/12/2014,377
MERCURY,12/12/2014,587
MERCURY,12/12/2014,228
MERCURY,12/12/2014,965
MERCURY,12/12/2014,1144
MERCURY,12/12/2014,430
MERCURY,12/12/2014,1324
MERCURY,12/12/2014,548
MERCURY,12/12/2014,660
MERCURY,12/12/2014,798
MERCURY,12/12/2014,662
MERCURY,12/12/2014,493
MERCURY,12/12/2014,1182
MERCURY,12/12/2014,1984
MERCURY,12/12/2014,400
MERCURY,12/12/2014,409
MERCURY,12/12/2014,917
MERCURY,12/12/2014,464
MERCURY,12/12/2014,626
MERCURY,12/12/2014,501
MERCURY,12/12/2014,1372
MERCURY,12/12/2014,307
MERCURY,12/12/2014,818
MERCURY,12/12/2014,418
MERCURY,12/12/2014,1322
ASI,12/12/2014,626
ASI,12/12/2014,902
SAFECO,12/12/2014,1574
SAFECO,12/12/2014,1189.9
SAFECO,12/12/2014,2546.1
SAFECO,12/12/2014,160.37
SAFECO,12/12/2014,1853.8
SAFECO,12/12/2014,1590
SAFECO,12/12/2014,918.7
SAFECO,12/12/2014,1282.24
SAFECO,12/12/2014,1021.59
SAFECO,12/12/2014,818.5
SAFECO,12/12/2014,790.8
SAFECO,12/12/2014,2900
SAFECO,12/12/2014,1142.7
SAFECO,12/12/2014,663.5
SAFECO,12/12/2014,1191.1
SAFECO,12/12/2014,549.96
SAFECO,12/12/2014,712.1
SAFECO,12/12/2014,632.8
SAFECO,12/12/2014,3197.4
SAFECO,12/12/2014,1070.9
SAFECO,12/12/2014,1250.37
SAFECO,12/12/2014,2066
SAFECO,12/12/2014,858.94
SAFECO,12/12/2014,871
SAFECO,12/12/2014,1788.3
SAFECO,12/12/2014,3193
SAFECO,12/12/2014,1530
SAFECO,12/12/2014,1363.65
SAFECO,12/12/2014,1061
SAFECO,12/12/2014,903
SAFECO,12/12/2014,1224.4
SAFECO,12/12/2014,799.1
SAFECO,12/12/2014,94.48
SAFECO,12/12/2014,1423.4
SAFECO,12/12/2014,1160
SAFECO,12/12/2014,826.6
SAFECO,12/12/2014,2940.6
SAFECO,12/12/2014,1111.4
SAFECO,12/12/2014,886
SAFECO,12/12/2014,2152
SAFECO,12/12/2014,249
SAFECO,12/12/2014,1260.4
SAFECO,12/12/2014,1237.8
SAFECO,12/12/2014,527.3
SAFECO,12/12/2014,1945.3
SAFECO,12/12/2014,1030.9
SAFECO,12/12/2014,1518.2
SAFECO,12/12/2014,1489
SAFECO,12/12/2014,1381
SAFECO,12/12/2014,2110.4
SAFECO,12/12/2014,1711.7
SAFECO,12/12/2014,2458.8
SAFECO,12/12/2014,1600.9
SAFECO,12/12/2014,719
SAFECO,12/12/2014,1263.01
SAFECO,12/12/2014,1256
SAFECO,12/12/2014,1902.04
SAFECO,12/12/2014,1614.5
SAFECO,12/12/2014,1157.6
SAFECO,12/12/2014,1226
SAFECO,12/12/2014,1508.2
SAFECO,12/12/2014,1358
SAFECO,12/12/2014,1361.4
SAFECO,12/12/2014,642.96
SAFECO,12/12/2014,1168
SAFECO,12/12/2014,1292
SAFECO,12/12/2014,1356
SAFECO,12/12/2014,1017.5
SAFECO,12/12/2014,2889.1
SAFECO,12/12/2014,1404
SAFECO,12/12/2014,862.44
SAFECO,12/12/2014,1151
SAFECO,12/12/2014,995.4
SAFECO,12/12/2014,1634.6
SAFECO,12/12/2014,2807.6
SAFECO,12/12/2014,150
SAFECO,12/12/2014,947
HARTFORD,12/13/2014,378
HARTFORD,12/13/2014,769
HARTFORD,12/13/2014,932
HARTFORD,12/13/2014,580
21ST,12/13/2014,730
21ST,12/13/2014,500
21ST,12/13/2014,595.09
21ST,12/13/2014,387.44
21ST,12/13/2014,391
21ST,12/13/2014,790.04
21ST,12/13/2014,600.45
21ST,12/13/2014,472
21ST,12/13/2014,1086
MERCURY,12/13/2014,1280
MERCURY,12/13/2014,1240
MERCURY,12/13/2014,1167
MERCURY,12/13/2014,1200
MERCURY,12/13/2014,475
MERCURY,12/13/2014,667
DAIRYLAND,12/13/2014,626.15
ESURANCE,12/13/2014,452
PROGRESSIVE,12/13/2014,1328
PROGRESSIVE,12/13/2014,792
PROGRESSIVE,12/13/2014,544
PROGRESSIVE,12/13/2014,384
PROGRESSIVE,12/13/2014,576
PROGRESSIVE,12/13/2014,410
PROGRESSIVE,12/13/2014,2308
PROGRESSIVE,12/13/2014,498
PROGRESSIVE,12/13/2014,1026
PROGRESSIVE,12/13/2014,567
PROGRESSIVE,12/13/2014,353
PROGRESSIVE,12/13/2014,295
PROGRESSIVE,12/13/2014,1076
PROGRESSIVE,12/13/2014,850
PROGRESSIVE,12/13/2014,1042
TRAVELERS,12/13/2014,1305
TRAVELERS,12/13/2014,334
TRAVELERS,12/13/2014,1070
TRAVELERS,12/13/2014,750
TRAVELERS,12/13/2014,2095
TRAVELERS,12/13/2014,2474
THE GENERAL,12/13/2014,3142
FOREMOST,12/13/2014,686
FOREMOST,12/13/2014,1502
PLYMOUTH ROCK,12/13/2014,654
SAFECO,12/13/2014,156
SAFECO,12/13/2014,530
THE GENERAL,12/13/2014,2289
THE GENERAL,12/13/2014,557
MERCURY,12/13/2014,345
MERCURY,12/13/2014,458
MERCURY,12/13/2014,555
MERCURY,12/13/2014,488
MERCURY,12/13/2014,601
MERCURY,12/13/2014,1138
MERCURY,12/13/2014,417
MERCURY,12/13/2014,346
MERCURY,12/13/2014,167
SAFECO,12/13/2014,936
SAFECO,12/13/2014,726
SAFECO,12/13/2014,932
SAFECO,12/13/2014,1382.5
SAFECO,12/13/2014,563.96
SAFECO,12/13/2014,549
SAFECO,12/13/2014,1906.5
SAFECO,12/13/2014,1050
SAFECO,12/13/2014,963.2
SAFECO,12/13/2014,721.3
SAFECO,12/13/2014,844.3
SAFECO,12/13/2014,1205.3
SAFECO,12/13/2014,1297
SAFECO,12/13/2014,998
SAFECO,12/13/2014,1526.3
HARTFORD,12/15/2014,1070
HARTFORD,12/15/2014,507
HARTFORD,12/15/2014,1111
HARTFORD,12/15/2014,631
HARTFORD,12/15/2014,849
HARTFORD,12/15/2014,832
HARTFORD,12/15/2014,719
HARTFORD,12/15/2014,102.4
HARTFORD,12/15/2014,525
HARTFORD,12/15/2014,734.11
HARTFORD,12/15/2014,558
HARTFORD,12/15/2014,479
HARTFORD,12/15/2014,1136
HARTFORD,12/15/2014,889
HARTFORD,12/15/2014,602
HARTFORD,12/15/2014,872
HARTFORD,12/15/2014,834
HARTFORD,12/15/2014,100
HARTFORD,12/15/2014,660
MERCURY,12/15/2014,1671.45
MERCURY,12/15/2014,3247
MERCURY,12/15/2014,1118
PROGRESSIVE,12/15/2014,793
21ST,12/15/2014,733.2
21ST,12/15/2014,215.34
21ST,12/15/2014,600
21ST,12/15/2014,597
21ST,12/15/2014,590
21ST,12/15/2014,850
21ST,12/15/2014,939
21ST,12/15/2014,1123.96
21ST,12/15/2014,669.1
21ST,12/15/2014,251.73
21ST,12/15/2014,893
21ST,12/15/2014,380
21ST,12/15/2014,231.19
21ST,12/15/2014,428
21ST,12/15/2014,432
21ST,12/15/2014,562
21ST,12/15/2014,141
21ST,12/15/2014,279.35
21ST,12/15/2014,1676.83
21ST,12/15/2014,318.5
21ST,12/15/2014,947.64
21ST,12/15/2014,407
21ST,12/15/2014,782.1
21ST,12/15/2014,1538.25
21ST,12/15/2014,739
21ST,12/15/2014,315
21ST,12/15/2014,613.22
21ST,12/15/2014,471.54
21ST,12/15/2014,333.55
21ST,12/15/2014,273
MERCURY,12/15/2014,2296
MERCURY,12/15/2014,355
MERCURY,12/15/2014,1658
MERCURY,12/15/2014,1925
MERCURY,12/15/2014,1362
MERCURY,12/15/2014,988
MERCURY,12/15/2014,841
DAIRYLAND,12/15/2014,246
DAIRYLAND,12/15/2014,441.73
DAIRYLAND,12/15/2014,654
MERCURY,12/15/2014,681
MERCURY,12/15/2014,860
MERCURY,12/15/2014,824
MERCURY,12/15/2014,1119
MERCURY,12/15/2014,1987
MERCURY,12/15/2014,2048
MERCURY,12/15/2014,1001
MERCURY,12/15/2014,855
DAIRYLAND,12/15/2014,606.84
PROGRESSIVE,12/15/2014,750
PROGRESSIVE,12/15/2014,546
PROGRESSIVE,12/15/2014,313
PROGRESSIVE,12/15/2014,2002
PROGRESSIVE,12/15/2014,488
PROGRESSIVE,12/15/2014,609.33
PROGRESSIVE,12/15/2014,564
PROGRESSIVE,12/15/2014,558
PROGRESSIVE,12/15/2014,306
PROGRESSIVE,12/15/2014,799
PROGRESSIVE,12/15/2014,283.25
PROGRESSIVE,12/15/2014,226
PROGRESSIVE,12/15/2014,826
PROGRESSIVE,12/15/2014,512
PROGRESSIVE,12/15/2014,537
PROGRESSIVE,12/15/2014,1035
PROGRESSIVE,12/15/2014,355
PROGRESSIVE,12/15/2014,887
PROGRESSIVE,12/15/2014,221
PROGRESSIVE,12/15/2014,506.5
PROGRESSIVE,12/15/2014,422
PROGRESSIVE,12/15/2014,812
PROGRESSIVE,12/15/2014,779
PROGRESSIVE,12/15/2014,369
PROGRESSIVE,12/15/2014,284
PROGRESSIVE,12/15/2014,820
PROGRESSIVE,12/15/2014,1500
PROGRESSIVE,12/15/2014,300
PROGRESSIVE,12/15/2014,898
PROGRESSIVE,12/15/2014,510
PROGRESSIVE,12/15/2014,533
PROGRESSIVE,12/15/2014,1058.79
PROGRESSIVE,12/15/2014,198
PROGRESSIVE,12/15/2014,855
PROGRESSIVE,12/15/2014,1759
PROGRESSIVE,12/15/2014,289
PROGRESSIVE,12/15/2014,740
PROGRESSIVE,12/15/2014,844
PROGRESSIVE,12/15/2014,339
PROGRESSIVE,12/15/2014,597
PROGRESSIVE,12/15/2014,328
PROGRESSIVE,12/15/2014,409
PROGRESSIVE,12/15/2014,2036
PROGRESSIVE,12/15/2014,1849
PROGRESSIVE,12/15/2014,1000
PROGRESSIVE,12/15/2014,832
PROGRESSIVE,12/15/2014,748
PROGRESSIVE,12/15/2014,626
PROGRESSIVE,12/15/2014,445
PROGRESSIVE,12/15/2014,838
PROGRESSIVE,12/15/2014,284
PROGRESSIVE,12/15/2014,341
PROGRESSIVE,12/15/2014,1241
PROGRESSIVE,12/15/2014,401.08
TRAVELERS,12/15/2014,2135
TRAVELERS,12/15/2014,1492
TRAVELERS,12/15/2014,294
TRAVELERS,12/15/2014,567
TRAVELERS,12/15/2014,595
TRAVELERS,12/15/2014,881
TRAVELERS,12/15/2014,1271
TRAVELERS,12/15/2014,1214
TRAVELERS,12/15/2014,125
TRAVELERS,12/15/2014,1428
TRAVELERS,12/15/2014,2237
TRAVELERS,12/15/2014,384
TRAVELERS,12/15/2014,872
TRAVELERS,12/15/2014,1395
TRAVELERS,12/15/2014,928
TRAVELERS,12/15/2014,437
TRAVELERS,12/15/2014,1328
TRAVELERS,12/15/2014,1431
TRAVELERS,12/15/2014,724
TRAVELERS,12/15/2014,3730
TRAVELERS,12/15/2014,1336
TRAVELERS,12/15/2014,808
TRAVELERS,12/15/2014,1065
THE GENERAL,12/15/2014,571
FOREMOST,12/15/2014,1436
FOREMOST,12/15/2014,514
FOREMOST,12/15/2014,314
FOREMOST,12/15/2014,1243
FOREMOST,12/15/2014,1349
FOREMOST,12/15/2014,229
FOREMOST,12/15/2014,495
FOREMOST,12/15/2014,818
MERCURY,12/15/2014,982
FOREMOST,12/15/2014,384
FOREMOST,12/15/2014,430
FOREMOST,12/15/2014,1517
FOREMOST,12/15/2014,619
FOREMOST,12/15/2014,459
FOREMOST,12/15/2014,541
FOREMOST,12/15/2014,529
FOREMOST,12/15/2014,551
FOREMOST,12/15/2014,1784
THE GENERAL,12/15/2014,1855
PLYMOUTH ROCK,12/15/2014,932
PLYMOUTH ROCK,12/15/2014,722
PLYMOUTH ROCK,12/15/2014,311
PLYMOUTH ROCK,12/15/2014,1856
PLYMOUTH ROCK,12/15/2014,607
PLYMOUTH ROCK,12/15/2014,1097
PLYMOUTH ROCK,12/15/2014,693
PLYMOUTH ROCK,12/15/2014,529
PLYMOUTH ROCK,12/15/2014,767
THE GENERAL,12/15/2014,731
THE GENERAL,12/15/2014,518
THE GENERAL,12/15/2014,819
THE GENERAL,12/15/2014,1483
SAFECO,12/15/2014,75
SAFECO,12/15/2014,1130
THE GENERAL,12/15/2014,1025
THE GENERAL,12/15/2014,401
THE GENERAL,12/15/2014,906
THE GENERAL,12/15/2014,633
THE GENERAL,12/15/2014,1360
MERCURY,12/15/2014,618
MERCURY,12/15/2014,473
MERCURY,12/15/2014,650
MERCURY,12/15/2014,875
MERCURY,12/15/2014,753
MERCURY,12/15/2014,205
MERCURY,12/15/2014,1304
MERCURY,12/15/2014,338
MERCURY,12/15/2014,1027
MERCURY,12/15/2014,1622
MERCURY,12/15/2014,301
MERCURY,12/15/2014,252
MERCURY,12/15/2014,690
MERCURY,12/15/2014,607
MERCURY,12/15/2014,244
MERCURY,12/15/2014,727
MERCURY,12/15/2014,434
MERCURY,12/15/2014,505
MERCURY,12/15/2014,277
MERCURY,12/15/2014,378
MERCURY,12/15/2014,248
MERCURY,12/15/2014,271
MERCURY,12/15/2014,649
MERCURY,12/15/2014,644
MERCURY,12/15/2014,708
MERCURY,12/15/2014,441
MERCURY,12/15/2014,276
MERCURY,12/15/2014,663
MERCURY,12/15/2014,912
MERCURY,12/15/2014,1510
MERCURY,12/15/2014,277
MERCURY,12/15/2014,795
ASI,12/15/2014,157
ASI,12/15/2014,127
SAFECO,12/15/2014,943.2
SAFECO,12/15/2014,1581
SAFECO,12/15/2014,448
SAFECO,12/15/2014,1443
SAFECO,12/15/2014,1486.2
SAFECO,12/15/2014,694.6
SAFECO,12/15/2014,1180
SAFECO,12/15/2014,526
SAFECO,12/15/2014,1208.9
SAFECO,12/15/2014,1309.8
SAFECO,12/15/2014,828
SAFECO,12/15/2014,1567
SAFECO,12/15/2014,1075.62
SAFECO,12/15/2014,1227.72
SAFECO,12/15/2014,630.7
SAFECO,12/15/2014,1630.36
SAFECO,12/15/2014,902.2
SAFECO,12/15/2014,2314.5
SAFECO,12/15/2014,1436.7
SAFECO,12/15/2014,1037.1
SAFECO,12/15/2014,1389.2
SAFECO,12/15/2014,1760.43
SAFECO,12/15/2014,1434.8
SAFECO,12/15/2014,897.3
SAFECO,12/15/2014,1180
SAFECO,12/15/2014,1954.46
SAFECO,12/15/2014,1650.1
SAFECO,12/15/2014,2303.09
SAFECO,12/15/2014,2136
SAFECO,12/15/2014,1649
SAFECO,12/15/2014,990.2
SAFECO,12/15/2014,1955
SAFECO,12/15/2014,1981.4
SAFECO,12/15/2014,1794.01
SAFECO,12/15/2014,1359.1
SAFECO,12/15/2014,1520.3
SAFECO,12/15/2014,1735.7
SAFECO,12/15/2014,1580.9
SAFECO,12/15/2014,2505.4
SAFECO,12/15/2014,836
SAFECO,12/15/2014,1201
SAFECO,12/15/2014,724.7
SAFECO,12/15/2014,630.1
SAFECO,12/15/2014,880
SAFECO,12/15/2014,941
SAFECO,12/15/2014,1436.8
SAFECO,12/15/2014,2332.1
SAFECO,12/15/2014,1440.2
SAFECO,12/15/2014,1016.5
SAFECO,12/15/2014,1422.5
SAFECO,12/15/2014,1290
SAFECO,12/15/2014,1312
SAFECO,12/15/2014,1320.7
HARTFORD,12/16/2014,2249
HARTFORD,12/16/2014,794
HARTFORD,12/16/2014,1048
HARTFORD,12/16/2014,501
HARTFORD,12/16/2014,634
HARTFORD,12/16/2014,372
HARTFORD,12/16/2014,626
HARTFORD,12/16/2014,942
HARTFORD,12/16/2014,1751
HARTFORD,12/16/2014,477
HARTFORD,12/16/2014,1582
HARTFORD,12/16/2014,360
HARTFORD,12/16/2014,729
HARTFORD,12/16/2014,360
HARTFORD,12/16/2014,714
HARTFORD,12/16/2014,942
HARTFORD,12/16/2014,484
HARTFORD,12/16/2014,331
HARTFORD,12/16/2014,236
HARTFORD,12/16/2014,1580
HARTFORD,12/16/2014,525
HARTFORD,12/16/2014,130
MERCURY,12/16/2014,1183
21ST,12/16/2014,1186.25
21ST,12/16/2014,668.42
21ST,12/16/2014,388.29
21ST,12/16/2014,1947.54
21ST,12/16/2014,382.14
21ST,12/16/2014,458
21ST,12/16/2014,600.64
21ST,12/16/2014,267
21ST,12/16/2014,781
21ST,12/16/2014,288.99
21ST,12/16/2014,554.33
21ST,12/16/2014,609.15
21ST,12/16/2014,757
21ST,12/16/2014,686.19
21ST,12/16/2014,766.88
21ST,12/16/2014,818.46
21ST,12/16/2014,170.85
21ST,12/16/2014,792
21ST,12/16/2014,539.97
21ST,12/16/2014,304.17
DAIRYLAND,12/16/2014,723
MERCURY,12/16/2014,1201
MERCURY,12/16/2014,1252
MERCURY,12/16/2014,1390
MERCURY,12/16/2014,1130
MERCURY,12/16/2014,1538
DAIRYLAND,12/16/2014,152.82
MERCURY,12/16/2014,823
MERCURY,12/16/2014,885
MERCURY,12/16/2014,570
MERCURY,12/16/2014,1896
MERCURY,12/16/2014,864
MERCURY,12/16/2014,802
MERCURY,12/16/2014,617
MERCURY,12/16/2014,770
MERCURY,12/16/2014,1000
MERCURY,12/16/2014,2359
MERCURY,12/16/2014,2290
MERCURY,12/16/2014,296
MERCURY,12/16/2014,2160
PROGRESSIVE,12/16/2014,344
PROGRESSIVE,12/16/2014,913.5
PROGRESSIVE,12/16/2014,438
PROGRESSIVE,12/16/2014,903
PROGRESSIVE,12/16/2014,446
PROGRESSIVE,12/16/2014,970
PROGRESSIVE,12/16/2014,3445.85
PROGRESSIVE,12/16/2014,776
PROGRESSIVE,12/16/2014,346
PROGRESSIVE,12/16/2014,418
PROGRESSIVE,12/16/2014,359
PROGRESSIVE,12/16/2014,1099
PROGRESSIVE,12/16/2014,472
PROGRESSIVE,12/16/2014,1319.22
PROGRESSIVE,12/16/2014,169
PROGRESSIVE,12/16/2014,251
PROGRESSIVE,12/16/2014,1115
PROGRESSIVE,12/16/2014,778
PROGRESSIVE,12/16/2014,719
PROGRESSIVE,12/16/2014,287
PROGRESSIVE,12/16/2014,766
PROGRESSIVE,12/16/2014,264
PROGRESSIVE,12/16/2014,698
PROGRESSIVE,12/16/2014,137
PROGRESSIVE,12/16/2014,530
PROGRESSIVE,12/16/2014,442.5
PROGRESSIVE,12/16/2014,469
PROGRESSIVE,12/16/2014,1306.45
PROGRESSIVE,12/16/2014,493
PROGRESSIVE,12/16/2014,508
PROGRESSIVE,12/16/2014,831
PROGRESSIVE,12/16/2014,249
PROGRESSIVE,12/16/2014,766
PROGRESSIVE,12/16/2014,858
PROGRESSIVE,12/16/2014,1678
PROGRESSIVE,12/16/2014,227
TRAVELERS,12/16/2014,1000
TRAVELERS,12/16/2014,1846
TRAVELERS,12/16/2014,989
TRAVELERS,12/16/2014,862
TRAVELERS,12/16/2014,1348
TRAVELERS,12/16/2014,849
TRAVELERS,12/16/2014,931
TRAVELERS,12/16/2014,4598
TRAVELERS,12/16/2014,744
TRAVELERS,12/16/2014,1538
TRAVELERS,12/16/2014,647
TRAVELERS,12/16/2014,125
TRAVELERS,12/16/2014,1168
TRAVELERS,12/16/2014,872
TRAVELERS,12/16/2014,356
TRAVELERS,12/16/2014,914
TRAVELERS,12/16/2014,1269
TRAVELERS,12/16/2014,1422
TRAVELERS,12/16/2014,650
TRAVELERS,12/16/2014,861
TRAVELERS,12/16/2014,593
TRAVELERS,12/16/2014,1088
TRAVELERS,12/16/2014,487
TRAVELERS,12/16/2014,2506
TRAVELERS,12/16/2014,1732
TRAVELERS,12/16/2014,489
TRAVELERS,12/16/2014,2592
TRAVELERS,12/16/2014,1038
TRAVELERS,12/16/2014,2305
TRAVELERS,12/16/2014,2450
ASI,12/16/2014,1145
FOREMOST,12/16/2014,1085
FOREMOST,12/16/2014,1840
FOREMOST,12/16/2014,530
FOREMOST,12/16/2014,941
FOREMOST,12/16/2014,667
FOREMOST,12/16/2014,1067
FOREMOST,12/16/2014,317
PLYMOUTH ROCK,12/16/2014,497
PLYMOUTH ROCK,12/16/2014,2077
PLYMOUTH ROCK,12/16/2014,1200
PLYMOUTH ROCK,12/16/2014,264
PLYMOUTH ROCK,12/16/2014,1643
PLYMOUTH ROCK,12/16/2014,1016
PLYMOUTH ROCK,12/16/2014,845
ASI,12/16/2014,392
THE GENERAL,12/16/2014,475
THE GENERAL,12/16/2014,624
THE GENERAL,12/16/2014,1180
SAFECO,12/16/2014,424
THE GENERAL,12/16/2014,3959
THE GENERAL,12/16/2014,2504
THE GENERAL,12/16/2014,2061
THE GENERAL,12/16/2014,489
MERCURY,12/16/2014,1390
MERCURY,12/16/2014,419
MERCURY,12/16/2014,881
MERCURY,12/16/2014,442
MERCURY,12/16/2014,1879
MERCURY,12/16/2014,492
MERCURY,12/16/2014,365
MERCURY,12/16/2014,845
MERCURY,12/16/2014,1153
MERCURY,12/16/2014,402
MERCURY,12/16/2014,470
MERCURY,12/16/2014,303
MERCURY,12/16/2014,352
MERCURY,12/16/2014,864
MERCURY,12/16/2014,301
MERCURY,12/16/2014,479
MERCURY,12/16/2014,782
MERCURY,12/16/2014,716
MERCURY,12/16/2014,604
MERCURY,12/16/2014,1245
MERCURY,12/16/2014,336.04
MERCURY,12/16/2014,1859
MERCURY,12/16/2014,605
MERCURY,12/16/2014,933
MERCURY,12/16/2014,329
MERCURY,12/16/2014,429
SAFECO,12/16/2014,1270.8
SAFECO,12/16/2014,881.7
SAFECO,12/16/2014,1441.4
SAFECO,12/16/2014,2325.5
SAFECO,12/16/2014,954
SAFECO,12/16/2014,1049.3
SAFECO,12/16/2014,726.3
SAFECO,12/16/2014,725.2
SAFECO,12/16/2014,940.32
SAFECO,12/16/2014,996
SAFECO,12/16/2014,1535.8
SAFECO,12/16/2014,1104.3
SAFECO,12/16/2014,1211.6
SAFECO,12/16/2014,1348.98
SAFECO,12/16/2014,502.56
SAFECO,12/16/2014,1676.1
SAFECO,12/16/2014,961.4
SAFECO,12/16/2014,515
SAFECO,12/16/2014,1408.9
SAFECO,12/16/2014,728.2
SAFECO,12/16/2014,955
SAFECO,12/16/2014,537
SAFECO,12/16/2014,1537.3
SAFECO,12/16/2014,573.8
SAFECO,12/16/2014,1274.2
SAFECO,12/16/2014,721
SAFECO,12/16/2014,549.1
SAFECO,12/16/2014,1137
SAFECO,12/16/2014,582.3
SAFECO,12/16/2014,1209.4
SAFECO,12/16/2014,880.12
SAFECO,12/16/2014,691.06
SAFECO,12/16/2014,1542.94
SAFECO,12/16/2014,625.3
SAFECO,12/16/2014,803.7
SAFECO,12/16/2014,422.1
SAFECO,12/16/2014,1493.14
SAFECO,12/16/2014,460
SAFECO,12/16/2014,955.8
SAFECO,12/16/2014,1167.1
SAFECO,12/16/2014,718.8
SAFECO,12/16/2014,679
SAFECO,12/16/2014,1906.8
SAFECO,12/16/2014,1671
SAFECO,12/16/2014,2275.9
SAFECO,12/16/2014,462
SAFECO,12/16/2014,1455.3
